date,return
2020-01-01,0.00000000
2020-01-02,-0.02500000
2020-01-03,-0.00307692
2020-01-04,0.00102881
2020-01-05,-0.02261048
2020-01-06,-0.05047319
2020-01-07,-0.00442968
2020-01-08,0.02224694
2020-01-09,0.02285092
2020-01-10,0.01595745
2020-01-11,-0.00314136
2020-01-12,-0.01155462
2020-01-13,-0.00425080
2020-01-14,0.02241195
2020-01-15,0.00208768
2020-01-16,0.03750000
2020-01-17,-0.04317269
2020-01-18,-0.01783841
2020-01-19,-0.01068376
2020-01-20,0.02267819
2020-01-21,-0.01055966
2020-01-22,0.00533618
2020-01-23,-0.00424628
2020-01-24,0.01066098
2020-01-25,-0.00738397
2020-01-26,-0.01381509
2020-01-27,0.00431034
2020-01-28,-0.00429185
2020-01-29,0.01077586
2020-01-30,0.02878465
2020-01-31,-0.02383420
2020-02-01,0.00212314
2020-02-02,-0.01271186
2020-02-03,-0.00536481
2020-02-04,-0.02373247
2020-02-05,0.01215470
2020-02-06,-0.03056769
2020-02-07,-0.01351351
2020-02-08,0.02397260
2020-02-09,-0.00445931
2020-02-10,-0.05039194
2020-02-11,-0.00117925
2020-02-12,-0.01652893
2020-02-13,-0.02040816
2020-02-14,0.00000000
2020-02-15,0.00735294
2020-02-16,0.03163017
2020-02-17,-0.00943396
2020-02-18,0.00119048
2020-02-19,0.01545779
2020-02-20,0.00702576
2020-02-21,-0.02093023
2020-02-22,0.00475059
2020-02-23,-0.01891253
2020-02-24,0.00602410
2020-02-25,-0.00838323
2020-02-26,0.02053140
2020-02-27,-0.00118343
2020-02-28,0.00118483
2020-02-29,0.00118343
2020-03-01,-0.00827423
2020-03-02,-0.00357569
2020-03-03,0.00239234
2020-03-04,0.00357995
2020-03-05,0.00594530
2020-03-06,-0.01182033
2020-03-07,0.00478469
2020-03-08,0.03333333
2020-03-09,0.00460829
2020-03-10,0.00802752
2020-03-11,0.00000000
2020-03-12,0.07849829
2020-03-13,0.00105485
2020-03-14,-0.01580611
2020-03-15,-0.01391863
2020-03-16,-0.00108578
2020-03-17,-0.01195652
2020-03-18,0.01100110
2020-03-19,-0.01958651
2020-03-20,0.02885683
2020-03-21,-0.00323625
2020-03-22,-0.00865801
2020-03-23,0.00764192
2020-03-24,-0.01625135
2020-03-25,-0.00660793
2020-03-26,-0.01995565
2020-03-27,0.00226244
2020-03-28,-0.02257336
2020-03-29,0.00461894
2020-03-30,0.00114943
2020-03-31,0.00918485
2020-04-01,-0.00568828
2020-04-02,0.00114416
2020-04-03,0.00114286
2020-04-04,-0.01598174
2020-04-05,-0.01508121
2020-04-06,-0.01766784
2020-04-07,0.00479616
2020-04-08,0.01431981
2020-04-09,0.02588235
2020-04-10,0.00573394
2020-04-11,0.00456100
2020-04-12,0.00227015
2020-04-13,0.00113250
2020-04-14,-0.00678733
2020-04-15,-0.00227790
2020-04-16,0.00000000
2020-04-17,0.00456621
2020-04-18,0.01818182
2020-04-19,0.01116071
2020-04-20,-0.00331126
2020-04-21,0.00000000
2020-04-22,0.00110742
2020-04-23,0.00553097
2020-04-24,-0.03520352
2020-04-25,-0.00570125
2020-04-26,-0.02408257
2020-04-27,0.02350176
2020-04-28,-0.01607348
2020-04-29,-0.00116686
2020-04-30,0.00467290
2020-05-01,0.01162791
2020-05-02,0.00114943
2020-05-03,0.00459242
2020-05-04,0.00342857
2020-05-05,-0.00113895
2020-05-06,-0.00114025
2020-05-07,0.01484018
2020-05-08,-0.05061867
2020-05-09,0.01066351
2020-05-10,-0.08089097
2020-05-11,0.00000000
2020-05-12,0.01658163
2020-05-13,-0.00250941
2020-05-14,-0.00628931
2020-05-15,-0.00886076
2020-05-16,0.00127714
2020-05-17,0.01020408
2020-05-18,0.00378788
2020-05-19,0.00754717
2020-05-20,0.00124844
2020-05-21,-0.01246883
2020-05-22,-0.03282828
2020-05-23,-0.00261097
2020-05-24,-0.00523560
2020-05-25,0.00263158
2020-05-26,-0.00262467
2020-05-27,-0.00394737
2020-05-28,0.01849406
2020-05-29,0.00518807
2020-05-30,-0.01677419
2020-05-31,-0.00524934
2020-06-01,-0.00527704
2020-06-02,0.01989390
2020-06-03,0.01040312
2020-06-04,-0.01415701
2020-06-05,-0.01958225
2020-06-06,0.00532623
2020-06-07,-0.00264901
2020-06-08,0.01195219
2020-06-09,-0.00656168
2020-06-10,0.02377807
2020-06-11,-0.00903226
2020-06-12,0.01692708
2020-06-13,0.00512164
2020-06-14,-0.01146497
2020-06-15,0.00386598
2020-06-16,0.03080873
2020-06-17,-0.00747198
2020-06-18,0.00501882
2020-06-19,0.00249688
2020-06-20,0.01120797
2020-06-21,0.00492611
2020-06-22,0.02818627
2020-06-23,-0.00953516
2020-06-24,0.00000000
2020-06-25,0.00842359
2020-06-26,-0.00119332
2020-06-27,0.01194743
2020-06-28,0.00236128
2020-06-29,0.00471143
2020-06-30,-0.00234467
2020-07-01,0.02232667
2020-07-02,0.00344828
2020-07-03,0.01603666
2020-07-04,0.03269448
2020-07-05,0.02292576
2020-07-06,-0.05549626
2020-07-07,0.06214689
2020-07-08,0.09255319
2020-07-09,-0.00681597
2020-07-10,-0.00686275
2020-07-11,0.00691017
2020-07-12,0.01176471
2020-07-13,-0.00387597
2020-07-14,0.01750973
2020-07-15,0.02103250
2020-07-16,0.01310861
2020-07-17,0.01293900
2020-07-18,-0.00912409
2020-07-19,-0.00828729
2020-07-20,-0.01671309
2020-07-21,-0.02171860
2020-07-22,-0.00579151
2020-07-23,-0.00873786
2020-07-24,0.00195886
2020-07-25,-0.00782014
2020-07-26,0.00886700
2020-07-27,-0.00488281
2020-07-28,-0.02257115
2020-07-29,0.00100402
2020-07-30,-0.00501505
2020-07-31,0.00705645
2020-08-01,0.03903904
2020-08-02,0.01830443
2020-08-03,0.02081362
2020-08-04,-0.01668211
2020-08-05,0.00659755
2020-08-06,-0.00093633
2020-08-07,-0.01312090
2020-08-08,0.03418803
2020-08-09,-0.00367309
2020-08-10,-0.00645161
2020-08-11,-0.01205937
2020-08-12,0.06948357
2020-08-13,0.04653205
2020-08-14,0.02265101
2020-08-15,-0.01804758
2020-08-16,0.01503759
2020-08-17,-0.03292181
2020-08-18,0.00085106
2020-08-19,0.00340136
2020-08-20,0.06271186
2020-08-21,-0.00159490
2020-08-22,0.05031949
2020-08-23,0.01977186
2020-08-24,-0.01267711
2020-08-25,0.00528701
2020-08-26,0.00450789
2020-08-27,-0.00523560
2020-08-28,0.01127820
2020-08-29,0.01040892
2020-08-30,-0.01839588
2020-08-31,-0.00599700
2020-09-01,0.01282051
2020-09-02,0.02382725
2020-09-03,0.04581818
2020-09-04,-0.03198887
2020-09-05,-0.05459770
2020-09-06,0.03267477
2020-09-07,-0.02354673
2020-09-08,-0.00979653
2020-09-09,0.04946728
2020-09-10,0.01740392
2020-09-11,0.03492516
2020-09-12,0.01584022
2020-09-13,0.01423729
2020-09-14,0.00668449
2020-09-15,-0.03984064
2020-09-16,-0.00899032
2020-09-17,0.01186322
2020-09-18,0.01517241
2020-09-19,-0.00611413
2020-09-20,-0.00820232
2020-09-21,-0.00895934
2020-09-22,-0.01529903
2020-09-23,-0.01059322
2020-09-24,0.03211991
2020-09-25,-0.00553250
2020-09-26,-0.00208623
2020-09-27,-0.00348432
2020-09-28,-0.01048951
2020-09-29,0.01060071
2020-09-30,0.00209790
2020-10-01,-0.01744592
2020-10-02,0.00639205
2020-10-03,0.01270289
2020-10-04,0.00487805
2020-10-05,0.00208044
2020-10-06,-0.03737024
2020-10-07,0.00143781
2020-10-08,0.00215363
2020-10-09,0.00429799
2020-10-10,0.02068474
2020-10-11,0.01048218
2020-10-12,0.01037344
2020-10-13,-0.00889802
2020-10-14,0.00621547
2020-10-15,0.01029513
2020-10-16,-0.00747283
2020-10-17,0.00000000
2020-10-18,0.01848049
2020-10-19,-0.00739247
2020-10-20,-0.01083277
2020-10-21,0.01984942
2020-10-22,0.02080537
2020-10-23,0.00065746
2020-10-24,0.01642576
2020-10-25,-0.00193924
2020-10-26,0.00518135
2020-10-27,0.01224227
2020-10-28,0.00572884
2020-10-29,0.00253165
2020-10-30,0.00315657
2020-10-31,0.01573317
2020-11-01,-0.00123916
2020-11-02,-0.00806452
2020-11-03,0.01500938
2020-11-04,0.00985829
2020-11-05,0.02074436
2020-11-06,-0.00836820
2020-11-07,-0.02411091
2020-11-08,0.01358863
2020-11-09,0.00548446
2020-11-10,-0.01696970
2020-11-11,0.00431566
2020-11-12,0.00920810
2020-11-13,0.00425791
2020-11-14,0.01332526
2020-11-15,-0.00478183
2020-11-16,0.02642643
2020-11-17,0.00351083
2020-11-18,0.00349854
2020-11-19,0.02440442
2020-11-20,0.00964265
2020-11-21,0.03539326
2020-11-22,0.01736300
2020-11-23,0.00266667
2020-11-24,0.04787234
2020-11-25,-0.06751269
2020-11-26,-0.00816549
2020-11-27,0.00219539
2020-11-28,0.04216867
2020-11-29,0.02837625
2020-11-30,0.00970874
2020-12-01,-0.02327935
2020-12-02,0.01398964
2020-12-03,-0.00153296
2020-12-04,-0.02302968
2020-12-05,0.03352541
2020-12-06,0.01013685
2020-12-07,0.00652283
2020-12-08,-0.01495513
2020-12-09,0.00860324
2020-12-10,-0.00100351
2020-12-11,0.01004520
2020-12-12,0.00596718
2020-12-13,0.00148295
2020-12-14,-0.00098717
2020-12-15,-0.00592885
2020-12-16,0.02037773
2020-12-17,0.02338042
2020-12-18,-0.00523560
2020-12-19,0.02392344
2020-12-20,0.02429907
2020-12-21,-0.00410584
2020-12-22,0.03847916
2020-12-23,0.02205558
2020-12-24,-0.02589555
2020-12-25,0.03854674
2020-12-26,0.08233788
2020-12-27,0.00236500
2020-12-28,0.02831302
2020-12-29,0.05009560
2020-12-30,-0.00364166
2020-12-31,0.01754386
2021-01-01,-0.01149425
2021-01-02,0.02361919
2021-01-03,0.07951722
2021-01-04,0.00953634
2021-01-05,0.04104235
2021-01-06,0.01814768
2021-01-07,-0.02827289
2021-01-08,0.00316256
2021-01-09,-0.03972257
2021-01-10,-0.06303349
2021-01-11,-0.00490540
2021-01-12,0.02957746
2021-01-13,0.02393981
2021-01-14,-0.00668003
2021-01-15,-0.00941493
2021-01-16,0.03462322
2021-01-17,-0.00623360
2021-01-18,-0.01551667
2021-01-19,-0.02213280
2021-01-20,0.03600823
2021-01-21,0.00397219
2021-01-22,0.00857237
2021-01-23,0.01111474
2021-01-24,0.03071452
2021-01-25,-0.00250941
2021-01-26,0.06886792
2021-01-27,0.03530450
2021-01-28,-0.03807900
2021-01-29,-0.01033973
2021-01-30,-0.00865672
2021-01-31,-0.00722674
2021-02-01,0.01516530
2021-02-02,-0.02898118
2021-02-03,0.02923077
2021-02-04,0.08699552
2021-02-05,0.04207921
2021-02-06,-0.00765373
2021-02-07,0.06489362
2021-02-08,0.03571429
2021-02-09,-0.05956113
2021-02-10,0.09538462
2021-02-11,-0.01100187
2021-02-12,-0.05396450
2021-02-13,-0.16062047
2021-02-14,-0.02831595
2021-02-15,0.00337423
2021-02-16,0.01039437
2021-02-17,0.01664145
2021-02-18,-0.00595238
2021-02-19,0.08892216
2021-02-20,-0.07093759
2021-02-21,-0.00088784
2021-02-22,-0.05450237
2021-02-23,-0.02005013
2021-02-24,0.01694373
2021-02-25,-0.02546369
2021-02-26,0.01322581
2021-02-27,0.00095511
2021-02-28,-0.00222646
2021-03-01,-0.01593880
2021-03-02,-0.01004211
2021-03-03,-0.00163613
2021-03-04,-0.00098328
2021-03-05,0.01738845
2021-03-06,-0.03353757
2021-03-07,0.01034368
2021-03-08,0.01420079
2021-03-09,0.00423315
2021-03-10,0.02431907
2021-03-11,0.05982906
2021-03-12,0.02927121
2021-03-13,-0.01508996
2021-03-14,0.02209782
2021-03-15,-0.00951283
2021-03-16,0.00814901
2021-03-17,0.04474596
2021-03-18,-0.00359215
2021-03-19,0.01109262
2021-03-20,-0.01727921
2021-03-21,0.03879431
2021-03-22,0.01638904
2021-03-23,0.02828443
2021-03-24,0.01593830
2021-03-25,-0.01138664
2021-03-26,0.02610699
2021-03-27,-0.00024944
2021-03-28,0.00973054
2021-03-29,-0.01013096
2021-03-30,0.01148278
2021-03-31,0.03381046
2021-04-01,-0.03867271
2021-04-02,0.00794636
2021-04-03,0.00813008
2021-04-04,0.04545455
2021-04-05,0.03576438
2021-04-06,0.01624915
2021-04-07,-0.04885632
2021-04-08,0.04202662
2021-04-09,0.03495407
2021-04-10,0.02035073
2021-04-11,0.02928071
2021-04-12,-0.06101835
2021-04-13,0.00043908
2021-04-14,0.01075269
2021-04-15,0.00911854
2021-04-16,0.05443201
2021-04-17,-0.03121812
2021-04-18,0.03369840
2021-04-19,-0.02506112
2021-04-20,0.03343783
2021-04-21,-0.01536906
2021-04-22,0.00246457
2021-04-23,-0.00163901
2021-04-24,0.01539093
2021-04-25,-0.01172191
2021-04-26,-0.02597137
2021-04-27,-0.01427672
2021-04-28,0.02172524
2021-04-29,-0.00291849
2021-04-30,-0.01986201
2021-05-01,0.01855802
2021-05-02,0.00209424
2021-05-03,0.04555904
2021-05-04,0.03597841
2021-05-05,0.02218792
2021-05-06,0.02680257
2021-05-07,-0.01433824
2021-05-08,0.02088773
2021-05-09,0.01059554
2021-05-10,-0.00759219
2021-05-11,0.02841530
2021-05-12,-0.04091392
2021-05-13,-0.02936288
2021-05-14,0.03595890
2021-05-15,-0.01873278
2021-05-16,0.00786075
2021-05-17,0.00668524
2021-05-18,0.02951485
2021-05-19,-0.06145852
2021-05-20,0.02539137
2021-05-21,-0.03444424
2021-05-22,-0.02468184
2021-05-23,0.01779359
2021-05-24,0.00330225
2021-05-25,0.01006776
2021-05-26,-0.01629289
2021-05-27,-0.00584567
2021-05-28,0.00137201
2021-05-29,-0.00567626
2021-05-30,0.00787402
2021-05-31,-0.01445312
2021-06-01,-0.00039635
2021-06-02,-0.00971451
2021-06-03,-0.01781782
2021-06-04,0.02975948
2021-06-05,0.00475059
2021-06-06,0.00256107
2021-06-07,0.01572018
2021-06-08,0.00889921
2021-06-09,-0.01457335
2021-06-10,0.00914575
2021-06-11,0.00578481
2021-06-12,0.01054448
2021-06-13,-0.03035477
2021-06-14,-0.00039131
2021-06-15,-0.01135252
2021-06-16,0.02573748
2021-06-17,0.00366725
2021-06-18,0.01692308
2021-06-19,0.00189107
2021-06-20,-0.00811627
2021-06-21,0.00038059
2021-06-22,0.00133156
2021-06-23,-0.00322948
2021-06-24,0.02229846
2021-06-25,0.02330350
2021-06-26,0.00528329
2021-06-27,-0.04150054
2021-06-28,-0.05558707
2021-06-29,0.01401401
2021-06-30,0.00513327
2021-07-01,0.00491063
2021-07-02,0.00058640
2021-07-03,-0.01504200
2021-07-04,-0.00753669
2021-07-05,-0.00159872
2021-07-06,-0.02481986
2021-07-07,0.00800493
2021-07-08,-0.00040725
2021-07-09,-0.00325932
2021-07-10,-0.00204374
2021-07-11,-0.00163834
2021-07-12,-0.00615385
2021-07-13,-0.00515996
2021-07-14,0.01058091
2021-07-15,0.00677479
2021-07-16,0.01039967
2021-07-17,0.00544904
2021-07-18,0.00000000
2021-07-19,0.00903252
2021-07-20,0.01651084
2021-07-21,-0.02348337
2021-07-22,-0.00781563
2021-07-23,-0.00383761
2021-07-24,-0.00547445
2021-07-25,-0.01019368
2021-07-26,-0.02615860
2021-07-27,-0.00338409
2021-07-28,0.01294567
2021-07-29,0.00230463
2021-07-30,-0.00438963
2021-07-31,-0.00125971
2021-08-01,-0.02144209
2021-08-02,-0.01825994
2021-08-03,0.01094092
2021-08-04,0.00324675
2021-08-05,0.00409924
2021-08-06,-0.01675978
2021-08-07,0.00655594
2021-08-08,0.01237516
2021-08-09,-0.01351062
2021-08-10,0.00608696
2021-08-11,-0.02420052
2021-08-12,0.01550044
2021-08-13,-0.00894025
2021-08-14,0.01848185
2021-08-15,0.01620220
2021-08-16,-0.00722789
2021-08-17,0.01070664
2021-08-18,0.05211864
2021-08-19,-0.02416432
2021-08-20,-0.00742881
2021-08-21,-0.00852391
2021-08-22,0.00104844
2021-08-23,0.00607457
2021-08-24,0.03851759
2021-08-25,-0.00922213
2021-08-26,0.00789154
2021-08-27,0.03714114
2021-08-28,0.00735579
2021-08-29,-0.00326672
2021-08-30,0.01253133
2021-08-31,-0.01904037
2021-09-01,-0.00232919
2021-09-02,-0.02120623
2021-09-03,-0.01232359
2021-09-04,-0.01267861
2021-09-05,-0.00101916
2021-09-06,-0.00897776
2021-09-07,0.01667696
2021-09-08,0.08181450
2021-09-09,0.04530139
2021-09-10,0.04942693
2021-09-11,0.01638225
2021-09-12,0.06531229
2021-09-13,-0.01733649
2021-09-14,-0.01411387
2021-09-15,-0.01122499
2021-09-16,0.00329056
2021-09-17,-0.02853395
2021-09-18,0.01485483
2021-09-19,-0.02262142
2021-09-20,-0.01140231
2021-09-21,0.00395937
2021-09-22,0.02932099
2021-09-23,0.00816259
2021-09-24,0.02428949
2021-09-25,-0.01709953
2021-09-26,-0.02904973
2021-09-27,0.00473293
2021-09-28,0.00084118
2021-09-29,-0.00722811
2021-09-30,0.00711141
2021-10-01,0.01681237
2021-10-02,0.00810185
2021-10-03,0.00918485
2021-10-04,-0.01170161
2021-10-05,-0.03009373
2021-10-06,-0.01424212
2021-10-07,-0.01737186
2021-10-08,0.00735165
2021-10-09,-0.02067767
2021-10-10,0.01295245
2021-10-11,0.01331231
2021-10-12,0.00639585
2021-10-13,0.00738578
2021-10-14,-0.00699062
2021-10-15,-0.01013049
2021-10-16,-0.01509107
2021-10-17,0.01179993
2021-10-18,-0.00295909
2021-10-19,0.01641061
2021-10-20,0.00996221
2021-10-21,-0.01258503
2021-10-22,-0.00413365
2021-10-23,0.00484262
2021-10-24,-0.00240964
2021-10-25,0.03709455
2021-10-26,-0.01048079
2021-10-27,0.00403497
2021-10-28,-0.00820496
2021-10-29,0.01587034
2021-10-30,-0.01429284
2021-10-31,-0.02309897
2021-11-01,0.00673110
2021-11-02,0.02777302
2021-11-03,0.03119266
2021-11-04,0.01941119
2021-11-05,0.02459537
2021-11-06,0.01331888
2021-11-07,0.00244536
2021-11-08,-0.00030492
2021-11-09,-0.06649382
2021-11-10,0.02973370
2021-11-11,0.01808663
2021-11-12,0.00997351
2021-11-13,-0.00401173
2021-11-14,0.00557707
2021-11-15,-0.01879525
2021-11-16,-0.00235516
2021-11-17,0.00975763
2021-11-18,-0.01714464
2021-11-19,0.02854424
2021-11-20,0.01711378
2021-11-21,-0.00485069
2021-11-22,0.01964966
2021-11-23,0.00687183
2021-11-24,0.00000000
2021-11-25,0.02017804
2021-11-26,-0.02108784
2021-11-27,0.00401129
2021-11-28,-0.00695472
2021-11-29,-0.01087766
2021-11-30,0.01159988
2021-12-01,0.02248697
2021-12-02,-0.02577920
2021-12-03,0.01106294
2021-12-04,0.07038297
2021-12-05,0.00580191
2021-12-06,-0.04092844
2021-12-07,0.00000000
2021-12-08,-0.03322354
2021-12-09,0.03629092
2021-12-10,-0.00128645
2021-12-11,-0.01488479
2021-12-12,0.00363214
2021-12-13,-0.00535611
2021-12-14,-0.00130985
2021-12-15,0.01777907
2021-12-16,0.00801833
2021-12-17,0.02002841
2021-12-18,0.00194959
2021-12-19,-0.00972898
2021-12-20,0.00884211
2021-12-21,0.00584307
2021-12-22,-0.01466113
2021-12-23,-0.02877597
2021-12-24,-0.00910536
2021-12-25,0.01239790
2021-12-26,-0.00806800
2021-12-27,-0.01510530
2021-12-28,0.01061790
2021-12-29,0.01415438
2021-12-30,-0.01050360
2021-12-31,0.01715864
2022-01-01,-0.00071480
2022-01-02,-0.01845494
2022-01-03,-0.00451829
2022-01-04,-0.01200586
2022-01-05,0.00533491
2022-01-06,0.01149764
2022-01-07,-0.01034684
2022-01-08,0.00677367
2022-01-09,0.00702062
2022-01-10,0.01132898
2022-01-11,-0.01048399
2022-01-12,-0.00159652
2022-01-13,-0.01875273
2022-01-14,-0.02177778
2022-01-15,-0.00923823
2022-01-16,-0.00932437
2022-01-17,-0.00432032
2022-01-18,-0.00836820
2022-01-19,-0.01781528
2022-01-20,0.01845664
2022-01-21,0.01687236
2022-01-22,0.02381318
2022-01-23,0.01605642
2022-01-24,0.01033821
2022-01-25,0.03011256
2022-01-26,-0.00042571
2022-01-27,0.00993754
2022-01-28,-0.00998032
2022-01-29,0.00837711
2022-01-30,0.01450296
2022-01-31,0.00569049
2022-02-01,-0.00303616
2022-02-02,-0.01176633
2022-02-03,0.00532287
2022-02-04,-0.01699875
2022-02-05,0.00694543
2022-02-06,-0.01661036
2022-02-07,-0.03335242
2022-02-08,0.02280468
2022-02-09,-0.00579123
2022-02-10,-0.01485365
2022-02-11,0.02439024
2022-02-12,0.00404040
2022-02-13,-0.01063524
2022-02-14,-0.00581058
2022-02-15,-0.01680304
2022-02-16,-0.01084857
2022-02-17,0.01216947
2022-02-18,-0.00118747
2022-02-19,-0.00891663
2022-02-20,0.00899685
2022-02-21,0.01411800
2022-02-22,0.00747362
2022-02-23,0.00945455
2022-02-24,0.02060519
2022-02-25,-0.00437668
2022-02-26,0.00623936
2022-02-27,-0.03170800
2022-02-28,0.00349294
2022-03-01,0.01870921
2022-03-02,0.00911162
2022-03-03,0.00268059
2022-03-04,0.00126636
2022-03-05,-0.00098370
2022-03-06,0.00028133
2022-03-07,0.00773450
2022-03-08,-0.00167457
2022-03-09,-0.01285994
2022-03-10,-0.00141603
2022-03-11,0.00453772
2022-03-12,-0.00479955
2022-03-13,-0.00382979
2022-03-14,-0.00654991
2022-03-15,0.01074961
2022-03-16,0.00992626
2022-03-17,-0.02892446
2022-03-18,0.00115674
2022-03-19,-0.01675332
2022-03-20,0.00616921
2022-03-21,-0.01678832
2022-03-22,0.00816630
2022-03-23,-0.01399116
2022-03-24,-0.00821509
2022-03-25,0.00240964
2022-03-26,-0.02328726
2022-03-27,-0.03537917
2022-03-28,0.00542178
2022-03-29,-0.03743061
2022-03-30,-0.01482946
2022-03-31,-0.00852985
2022-04-01,0.00303644
2022-04-02,-0.00773629
2022-04-03,-0.01220339
2022-04-04,0.00978037
2022-04-05,-0.00866610
2022-04-06,0.02742544
2022-04-07,0.00033367
2022-04-08,0.01751167
2022-04-09,0.00295034
2022-04-10,0.00000000
2022-04-11,0.01013237
2022-04-12,-0.00404465
2022-04-13,-0.01007147
2022-04-14,-0.00443059
2022-04-15,-0.01697709
2022-04-16,-0.00016767
2022-04-17,0.01475767
2022-04-18,0.01834408
2022-04-19,-0.00649140
2022-04-20,0.01584450
2022-04-21,0.01045184
2022-04-22,-0.01575430
2022-04-23,0.00210186
2022-04-24,-0.00354953
2022-04-25,0.00113342
2022-04-26,-0.01083616
2022-04-27,-0.00163506
2022-04-28,-0.00327547
2022-04-29,0.00821558
2022-04-30,0.02900913
2022-05-01,-0.00205892
2022-05-02,-0.01174417
2022-05-03,0.00786896
2022-05-04,-0.00015934
2022-05-05,0.01386454
2022-05-06,0.00094310
2022-05-07,0.00109925
2022-05-08,-0.00407843
2022-05-09,-0.01338794
2022-05-10,-0.01756066
2022-05-11,0.04533637
2022-05-12,-0.00139904
2022-05-13,-0.03206725
2022-05-14,0.01350917
2022-05-15,-0.00364964
2022-05-16,0.02532250
2022-05-17,-0.01988195
2022-05-18,0.02836767
2022-05-19,-0.03190014
2022-05-20,0.01798790
2022-05-21,-0.00516028
2022-05-22,0.00770198
2022-05-23,0.00951490
2022-05-24,0.01529666
2022-05-25,0.02754527
2022-05-26,0.02354858
2022-05-27,0.03848936
2022-05-28,-0.01463007
2022-05-29,-0.01060520
2022-05-30,-0.04702015
2022-05-31,0.01019796
2022-06-01,0.01707245
2022-06-02,-0.00262735
2022-06-03,0.00980536
2022-06-04,-0.01724638
2022-06-05,-0.00117977
2022-06-06,0.00162410
2022-06-07,0.02137382
2022-06-08,0.01298889
2022-06-09,0.01538681
2022-06-10,-0.00406903
2022-06-11,0.00845309
2022-06-12,0.02207320
2022-06-13,-0.00232367
2022-06-14,-0.03767639
2022-06-15,0.02833144
2022-06-16,0.03115049
2022-06-17,-0.00443072
2022-06-18,0.03128793
2022-06-19,-0.03216948
2022-06-20,0.00432374
2022-06-21,0.00417059
2022-06-22,0.00830654
2022-06-23,-0.00544778
2022-06-24,-0.00267201
2022-06-25,0.01192230
2022-06-26,-0.00688377
2022-06-27,-0.00573180
2022-06-28,0.00214506
2022-06-29,0.00347826
2022-06-30,-0.00119984
2022-07-01,-0.00133476
2022-07-02,-0.01095964
2022-07-03,0.00000000
2022-07-04,0.00743243
2022-07-05,0.01260899
2022-07-06,0.00503378
2022-07-07,-0.02438381
2022-07-08,0.01796812
2022-07-09,-0.00358328
2022-07-10,0.01052211
2022-07-11,0.00487676
2022-07-12,0.00616474
2022-07-13,-0.00325903
2022-07-14,0.03178132
2022-07-15,-0.00836608
2022-07-16,-0.01239934
2022-07-17,-0.00258866
2022-07-18,0.00713730
2022-07-19,-0.01919856
2022-07-20,0.00197057
2022-07-21,0.01835584
2022-07-22,-0.00811124
2022-07-23,-0.01103323
2022-07-24,-0.01141882
2022-07-25,0.00265534
2022-07-26,-0.01443326
2022-07-27,0.01934704
2022-07-28,-0.00382233
2022-07-29,0.00740937
2022-07-30,-0.05122143
2022-07-31,0.00276855
2022-08-01,0.00414136
2022-08-02,0.00000000
2022-08-03,0.00714875
2022-08-04,-0.02538903
2022-08-05,-0.01120448
2022-08-06,0.00198300
2022-08-07,0.01017812
2022-08-08,-0.02560873
2022-08-09,0.00746805
2022-08-10,-0.01454027
2022-08-11,-0.01272964
2022-08-12,0.01186813
2022-08-13,-0.00984651
2022-08-14,0.01228429
2022-08-15,-0.00390061
2022-08-16,0.00174039
2022-08-17,0.01027943
2022-08-18,-0.00028662
2022-08-19,-0.03856078
2022-08-20,0.01177874
2022-08-21,0.00943118
2022-08-22,-0.00262774
2022-08-23,0.00219555
2022-08-24,0.00321309
2022-08-25,0.00247489
2022-08-26,-0.02178333
2022-08-27,-0.02315914
2022-08-28,0.00638298
2022-08-29,0.00060405
2022-08-30,-0.00090552
2022-08-31,-0.00226586
2022-09-01,0.00832702
2022-09-02,0.00030030
2022-09-03,-0.00300210
2022-09-04,-0.00271003
2022-09-05,0.02143720
2022-09-06,-0.01773574
2022-09-07,0.01459525
2022-09-08,0.00904642
2022-09-09,-0.01675485
2022-09-10,0.00672646
2022-09-11,0.00979955
2022-09-12,-0.00573445
2022-09-13,-0.01966874
2022-09-14,-0.00105597
2022-09-15,-0.00543642
2022-09-16,-0.00425144
2022-09-17,0.00975907
2022-09-18,-0.00166113
2022-09-19,0.01315989
2022-09-20,0.01537772
2022-09-21,-0.00646964
2022-09-22,0.03966257
2022-09-23,0.00298932
2022-09-24,-0.00170309
2022-09-25,0.00810350
2022-09-26,-0.01621774
2022-09-27,0.01118119
2022-09-28,-0.00226822
2022-09-29,-0.00213129
2022-09-30,0.00498363
2022-10-01,-0.00736753
2022-10-02,-0.00242649
2022-10-03,-0.00443554
2022-10-04,0.01063524
2022-10-05,-0.00455063
2022-10-06,-0.00014286
2022-10-07,-0.00200029
2022-10-08,-0.00071582
2022-10-09,0.01389685
2022-10-10,0.00621732
2022-10-11,-0.00294902
2022-10-12,-0.00056338
2022-10-13,-0.01352875
2022-10-14,0.01485714
2022-10-15,-0.00788288
2022-10-16,-0.00780363
2022-10-17,0.00715001
2022-10-18,0.00496947
2022-10-19,0.00988980
2022-10-20,-0.00419698
2022-10-21,0.00126440
2022-10-22,-0.00056125
2022-10-23,-0.00126351
2022-10-24,0.00702839
2022-10-25,-0.02512563
2022-10-26,0.01073883
2022-10-27,0.00849979
2022-10-28,0.00519736
2022-10-29,-0.00279486
2022-10-30,0.00336323
2022-10-31,0.01326816
2022-11-01,0.01502412
2022-11-02,0.00570342
2022-11-03,-0.00810154
2022-11-04,0.01347672
2022-11-05,-0.01558093
2022-11-06,0.01159776
2022-11-07,0.00944160
2022-11-08,-0.00253875
2022-11-09,-0.02183523
2022-11-10,0.01410572
2022-11-11,-0.00027009
2022-11-12,-0.01121167
2022-11-13,-0.00505464
2022-11-14,0.00370726
2022-11-15,-0.00738714
2022-11-16,-0.00496141
2022-11-17,0.00900277
2022-11-18,-0.00041181
2022-11-19,-0.00769020
2022-11-20,0.01134791
2022-11-21,-0.01272578
2022-11-22,0.01787942
2022-11-23,0.02015251
2022-11-24,0.01775227
2022-11-25,0.00590164
2022-11-26,0.01186441
2022-11-27,-0.00438088
2022-11-28,0.00000000
2022-11-29,0.00388249
2022-11-30,0.00038675
2022-12-01,-0.00283505
2022-12-02,-0.00116309
2022-12-03,0.00012938
2022-12-04,-0.00362225
2022-12-05,-0.02557777
2022-12-06,-0.01265823
2022-12-07,0.01201080
2022-12-08,0.00666756
2022-12-09,0.00211949
2022-12-10,-0.00502313
2022-12-11,0.00677561
2022-12-12,0.00712589
2022-12-13,-0.00432390
2022-12-14,0.00473747
2022-12-15,0.00104781
2022-12-16,0.04435431
2022-12-17,-0.00363317
2022-12-18,0.00477807
2022-12-19,0.01589288
2022-12-20,-0.01281104
2022-12-21,0.01035688
2022-12-22,-0.00111152
2022-12-23,-0.01038576
2022-12-24,0.00787106
2022-12-25,0.00818148
2022-12-26,-0.00073774
2022-12-27,-0.00110742
2022-12-28,0.01958610
2022-12-29,0.01039024
2022-12-30,-0.00789190
2022-12-31,0.00397734
2023-01-01,-0.00228091
2023-01-02,-0.00782096
2023-01-03,-0.00485084
2023-01-04,-0.01523276
2023-01-05,0.00185621
2023-01-06,-0.00308794
2023-01-07,-0.00929253
2023-01-08,-0.01075538
2023-01-09,-0.00973451
2023-01-10,-0.00382995
2023-01-11,-0.01486608
2023-01-12,-0.01209835
2023-01-13,-0.03515934
2023-01-14,-0.04189982
2023-01-15,-0.00897436
2023-01-16,-0.00273106
2023-01-17,-0.00043240
2023-01-18,0.01643836
2023-01-19,-0.01262590
2023-01-20,-0.00804598
2023-01-21,-0.00014484
2023-01-22,-0.03824424
2023-01-23,-0.01220063
2023-01-24,0.01387618
2023-01-25,0.00571515
2023-01-26,-0.01076716
2023-01-27,0.00740741
2023-01-28,0.00015006
2023-01-29,-0.00300075
2023-01-30,0.02182092
2023-01-31,0.00088365
2023-02-01,-0.00088287
2023-02-02,-0.00795287
2023-02-03,-0.01915083
2023-02-04,0.00726502
2023-02-05,0.01021788
2023-02-06,0.00431355
2023-02-07,0.00355450
2023-02-08,-0.00855962
2023-02-09,-0.00178625
2023-02-10,0.01103489
2023-02-11,0.00589971
2023-02-12,0.00087977
2023-02-13,-0.00117199
2023-02-14,0.00234673
2023-02-15,0.00556043
2023-02-16,-0.01411525
2023-02-17,-0.01107011
2023-02-18,-0.01104478
2023-02-19,0.00135829
2023-02-20,-0.00602864
2023-02-21,-0.01758908
2023-02-22,-0.00432165
2023-02-23,0.00449543
2023-02-24,-0.01697531
2023-02-25,0.00031397
2023-02-26,0.00925926
2023-02-27,-0.00528689
2023-02-28,-0.00312647
2023-03-01,0.00611573
2023-03-02,-0.00592269
2023-03-03,-0.00219505
2023-03-04,-0.00047140
2023-03-05,0.00707436
2023-03-06,-0.00421480
2023-03-07,-0.00219470
2023-03-08,0.00597015
2023-03-09,-0.01999063
2023-03-10,-0.02645418
2023-03-11,-0.01031265
2023-03-12,0.00992392
2023-03-13,0.01670488
2023-03-14,-0.00016108
2023-03-15,0.00563879
2023-03-16,0.01425825
2023-03-17,0.00379087
2023-03-18,-0.01542093
2023-03-19,0.00239732
2023-03-20,-0.00685587
2023-03-21,-0.03708460
2023-03-22,-0.02134045
2023-03-23,-0.00425894
2023-03-24,0.00000000
2023-03-25,0.00171086
2023-03-26,0.00239112
2023-03-27,0.00170387
2023-03-28,0.01071611
2023-03-29,-0.01009761
2023-03-30,0.00697042
2023-03-31,0.01013000
2023-04-01,-0.00919271
2023-04-02,0.00202429
2023-04-03,-0.01397306
2023-04-04,0.00085368
2023-04-05,-0.01296486
2023-04-06,0.00293813
2023-04-07,-0.00551439
2023-04-08,0.00259920
2023-04-09,0.00656758
2023-04-10,0.00995879
2023-04-11,-0.00646039
2023-04-12,-0.00547570
2023-04-13,-0.00189264
2023-04-14,0.00586106
2023-04-15,-0.00377035
2023-04-16,0.00602099
2023-04-17,-0.00872093
2023-04-18,0.01673279
2023-04-19,-0.01781473
2023-04-20,-0.00518224
2023-04-21,-0.00625109
2023-04-22,0.01065875
2023-04-23,0.00138313
2023-04-24,-0.00189917
2023-04-25,0.00345961
2023-04-26,0.00724013
2023-04-27,0.00068458
2023-04-28,-0.00136822
2023-04-29,-0.00222641
2023-04-30,0.00686577
2023-05-01,-0.01244460
2023-05-02,0.00673226
2023-05-03,-0.00154321
2023-05-04,0.00721278
2023-05-05,0.00801364
2023-05-06,0.00152233
2023-05-07,-0.00236447
2023-05-08,0.00998815
2023-05-09,0.00033523
2023-05-10,-0.01139410
2023-05-11,0.00050847
2023-05-12,-0.00220227
2023-05-13,-0.00033956
2023-05-14,0.00101902
2023-05-15,0.00458093
2023-05-16,0.00016889
2023-05-17,0.00016886
2023-05-18,0.00151950
2023-05-19,0.00354012
2023-05-20,0.00503948
2023-05-21,0.00885843
2023-05-22,0.00977469
2023-05-23,0.00065628
2023-05-24,0.00639449
2023-05-25,0.00456175
2023-05-26,-0.00454103
2023-05-27,0.00228087
2023-05-28,0.01024057
2023-05-29,0.00402253
2023-05-30,0.00544872
2023-05-31,0.00047816
2023-06-01,-0.00828421
2023-06-02,0.01702811
2023-06-03,-0.00710788
2023-06-04,-0.01813554
2023-06-05,0.00437459
2023-06-06,0.00500081
2023-06-07,0.02038523
2023-06-08,-0.00503382
2023-06-09,-0.00047431
2023-06-10,0.03226827
2023-06-11,0.01333129
2023-06-12,-0.00771208
2023-06-13,-0.01081987
2023-06-14,-0.01586813
2023-06-15,0.00453976
2023-06-16,0.00716846
2023-06-17,0.00154727
2023-06-18,0.00231732
2023-06-19,0.00585697
2023-06-20,0.01915415
2023-06-21,0.01157721
2023-06-22,-0.01099881
2023-06-23,0.00856628
2023-06-24,-0.00089405
2023-06-25,-0.01536167
2023-06-26,0.00181763
2023-06-27,0.01814333
2023-06-28,0.01752302
2023-06-29,0.00306480
2023-06-30,0.01891459
2023-07-01,-0.02984435
2023-07-02,0.01398293
2023-07-03,-0.00029032
2023-07-04,0.00232322
2023-07-05,0.00970592
2023-07-06,0.00573888
2023-07-07,0.00641940
2023-07-08,-0.00722892
2023-07-09,-0.00342661
2023-07-10,-0.00515759
2023-07-11,0.00230415
2023-07-12,-0.00028736
2023-07-13,0.07933314
2023-07-14,0.00053262
2023-07-15,-0.00492414
2023-07-16,0.00655343
2023-07-17,-0.01461600
2023-07-18,0.00148328
2023-07-19,0.00296217
2023-07-20,0.00389314
2023-07-21,-0.01096550
2023-07-22,0.00067604
2023-07-23,-0.00013512
2023-07-24,-0.00121622
2023-07-25,0.01501827
2023-07-26,-0.00213276
2023-07-27,0.00026717
2023-07-28,0.00253739
2023-07-29,0.00839217
2023-07-30,0.00343461
2023-07-31,0.00566087
2023-08-01,0.00039272
2023-08-02,-0.01321644
2023-08-03,0.00875215
2023-08-04,0.00341790
2023-08-05,-0.00026202
2023-08-06,-0.00602804
2023-08-07,0.00817403
2023-08-08,0.00562312
2023-08-09,-0.00546164
2023-08-10,-0.00614540
2023-08-11,-0.00486778
2023-08-12,-0.00951877
2023-08-13,-0.00173518
2023-08-14,0.01256853
2023-08-15,0.01465734
2023-08-16,0.00364394
2023-08-17,0.00713174
2023-08-18,-0.01145874
2023-08-19,0.00130242
2023-08-20,0.00663371
2023-08-21,0.01124176
2023-08-22,-0.00817787
2023-08-23,0.00592631
2023-08-24,0.00128074
2023-08-25,-0.00716296
2023-08-26,0.00180366
2023-08-27,0.00141461
2023-08-28,-0.01939129
2023-08-29,0.01100052
2023-08-30,-0.00142487
2023-08-31,0.01854975
2023-09-01,0.00483953
2023-09-02,-0.00456274
2023-09-03,0.01107716
2023-09-04,0.00856315
2023-09-05,0.00012486
2023-09-06,-0.00212235
2023-09-07,-0.00337796
2023-09-08,0.00288727
2023-09-09,-0.00037552
2023-09-10,0.02041072
2023-09-11,0.01607559
2023-09-12,0.01388889
2023-09-13,0.00416915
2023-09-14,0.00059312
2023-09-15,0.00818020
2023-09-16,-0.01375823
2023-09-17,0.00775009
2023-09-18,0.00106484
2023-09-19,0.00271835
2023-09-20,0.01296558
2023-09-21,-0.00721434
2023-09-22,0.00070323
2023-09-23,-0.00327946
2023-09-24,-0.00305523
2023-09-25,0.00553984
2023-09-26,0.00175829
2023-09-27,0.01626492
2023-09-28,-0.00621762
2023-09-29,-0.00822616
2023-09-30,0.00292056
2023-10-01,-0.01025044
2023-10-02,0.00682594
2023-10-03,0.00455874
2023-10-04,0.00383989
2023-10-05,0.00602759
2023-10-06,-0.00449361
2023-10-07,-0.00381944
2023-10-08,0.00371790
2023-10-09,0.00717676
2023-10-10,-0.00459717
2023-10-11,0.00323288
2023-10-12,-0.01024284
2023-10-13,0.00383721
2023-10-14,-0.00926677
2023-10-15,0.00222144
2023-10-16,0.01388241
2023-10-17,0.00874468
2023-10-18,0.00000000
2023-10-19,0.01060796
2023-10-20,-0.00135440
2023-10-21,-0.00282550
2023-10-22,-0.00204012
2023-10-23,0.00863146
2023-10-24,-0.01080959
2023-10-25,-0.01115538
2023-10-26,-0.02152642
2023-10-27,0.01329412
2023-10-28,-0.01230698
2023-10-29,-0.00446691
2023-10-30,-0.02349746
2023-10-31,0.01003628
2023-11-01,-0.01125344
2023-11-02,-0.01622472
2023-11-03,-0.00307692
2023-11-04,-0.00419753
2023-11-05,-0.00111579
2023-11-06,-0.01973439
2023-11-07,0.01025576
2023-11-08,0.00175461
2023-11-09,-0.01338671
2023-11-10,0.00342379
2023-11-11,-0.03399469
2023-11-12,-0.00954997
2023-11-13,-0.02839783
2023-11-14,0.00013594
2023-11-15,0.00992252
2023-11-16,-0.01547779
2023-11-17,0.01367054
2023-11-18,0.00350641
2023-11-19,0.00900417
2023-11-20,-0.00412893
2023-11-21,-0.00080246
2023-11-22,0.01151118
2023-11-23,-0.00463147
2023-11-24,-0.00066472
2023-11-25,-0.02022083
2023-11-26,-0.00896130
2023-11-27,-0.00205508
2023-11-28,-0.00288303
2023-11-29,-0.00013768
2023-11-30,0.00550812
2023-12-01,-0.00095864
2023-12-02,-0.00342700
2023-12-03,0.00068776
2023-12-04,-0.00481100
2023-12-05,0.01077348
2023-12-06,0.01120525
2023-12-07,-0.03337838
2023-12-08,0.01705578
2023-12-09,0.01264605
2023-12-10,0.03569974
2023-12-11,0.01926606
2023-12-12,-0.01234409
2023-12-13,0.02239292
2023-12-14,-0.00445690
2023-12-15,0.00153492
2023-12-16,0.02464879
2023-12-17,-0.01595413
2023-12-18,0.02583914
2023-12-19,-0.01061859
2023-12-20,0.04317983
2023-12-21,0.03026678
2023-12-22,-0.03053878
2023-12-23,0.02407474
2023-12-24,-0.00397661
2023-12-25,0.00340535
2023-12-26,-0.00795787
2023-12-27,-0.05450041
2023-12-28,-0.00761073
2023-12-29,-0.00917777
2023-12-30,-0.00152265
2023-12-31,0.00533740
2024-01-01,0.01188219
2024-01-02,0.00099938
2024-01-03,0.02421066
2024-01-04,-0.01072255
2024-01-05,0.00517305
2024-01-06,-0.02806029
2024-01-07,0.00567322
2024-01-08,0.01153316
2024-01-09,0.01511959
2024-01-10,0.03589305
2024-01-11,0.00235710
2024-01-12,-0.00858319
2024-01-13,-0.00272770
2024-01-14,-0.03603282
2024-01-15,-0.00049346
2024-01-16,-0.00555418
2024-01-17,-0.00943279
2024-01-18,0.00400952
2024-01-19,-0.00911020
2024-01-20,-0.02518892
2024-01-21,-0.00245478
2024-01-22,-0.00155420
2024-01-23,-0.00350240
2024-01-24,0.01223640
2024-01-25,0.00372942
2024-01-26,0.00435618
2024-01-27,-0.00688863
2024-01-28,0.00192678
2024-01-29,-0.00141026
2024-01-30,0.01399409
2024-01-31,-0.01126868
2024-02-01,0.02228198
2024-02-02,0.01265189
2024-02-03,-0.00791687
2024-02-04,0.01047382
2024-02-05,-0.00592300
2024-02-06,0.00223436
2024-02-07,0.00767897
2024-02-08,-0.01192232
2024-02-09,0.00373181
2024-02-10,0.01350849
2024-02-11,0.00330154
2024-02-12,0.00268129
2024-02-13,0.00875167
2024-02-14,0.02229184
2024-02-15,0.00235738
2024-02-16,-0.00446849
2024-02-17,0.01736357
2024-02-18,0.00058052
2024-02-19,0.00707821
2024-02-20,0.03237700
2024-02-21,0.01796875
2024-02-22,0.00526258
2024-02-23,0.00174501
2024-02-24,-0.00849211
2024-02-25,0.01054134
2024-02-26,0.00184722
2024-02-27,-0.02418655
2024-02-28,0.03245526
2024-02-29,-0.03692540
2024-03-01,0.05589090
2024-03-02,0.01471522
2024-03-03,0.01314554
2024-03-04,0.03913088
2024-03-05,-0.02953127
2024-03-06,0.03196161
2024-03-07,-0.02058183
2024-03-08,0.01081026
2024-03-09,-0.00149925
2024-03-10,0.02152152
2024-03-11,-0.02243998
2024-03-12,0.02305533
2024-03-13,0.03164805
2024-03-14,-0.00218444
2024-03-15,0.01541976
2024-03-16,-0.04190101
2024-03-17,0.05420213
2024-03-18,0.00352668
2024-03-19,-0.05169703
2024-03-20,0.04144724
2024-03-21,-0.03108905
2024-03-22,0.02155214
2024-03-23,-0.00482498
2024-03-24,0.00655956
2024-03-25,0.01775595
2024-03-26,0.00835189
2024-03-27,0.01380453
2024-03-28,0.01525054
2024-03-29,0.01376967
2024-03-30,-0.00467455
2024-03-31,0.02153301
2024-04-01,-0.00667939
2024-04-02,0.00235787
2024-04-03,-0.01542081
2024-04-04,0.01371560
2024-04-05,-0.00794344
2024-04-06,-0.00070392
2024-04-07,-0.01285551
2024-04-08,0.00776024
2024-04-09,-0.00221278
2024-04-10,0.01561253
2024-04-11,0.00969517
2024-04-12,0.04013841
2024-04-13,0.01921158
2024-04-14,0.00334557
2024-04-15,-0.00959662
2024-04-16,-0.00114961
2024-04-17,-0.01101611
2024-04-18,-0.00008313
2024-04-19,-0.00964336
2024-04-20,-0.00545622
2024-04-21,0.00422012
2024-04-22,-0.01201883
2024-04-23,-0.00884730
2024-04-24,0.01004206
2024-04-25,0.01113188
2024-04-26,-0.00588285
2024-04-27,-0.01563953
2024-04-28,0.00000000
2024-04-29,-0.02198557
2024-04-30,-0.01361082
2024-05-01,-0.03338378
2024-05-02,0.00838092
2024-05-03,0.02100648
2024-05-04,0.00975042
2024-05-05,-0.00079731
2024-05-06,-0.01347637
2024-05-07,0.00620113
2024-05-08,-0.00928903
2024-05-09,0.03416877
2024-05-10,0.01133293
2024-05-11,0.00672356
2024-05-12,0.00136998
2024-05-13,0.01256947
2024-05-14,-0.00059112
2024-05-15,-0.00228137
2024-05-16,-0.01973238
2024-05-17,-0.02177106
2024-05-18,-0.00459242
2024-05-19,0.01534913
2024-05-20,-0.02088431
2024-05-21,-0.00794288
2024-05-22,0.00080964
2024-05-23,-0.00647191
2024-05-24,-0.00298561
2024-05-25,0.00626134
2024-05-26,-0.00306610
2024-05-27,-0.00045228
2024-05-28,-0.00669683
2024-05-29,0.00428207
2024-05-30,-0.00027216
2024-05-31,0.00199637
2024-06-01,-0.00271690
2024-06-02,0.01216854
2024-06-03,0.00637000
2024-06-04,0.02068289
2024-06-05,-0.00812298
2024-06-06,0.00079253
2024-06-07,0.00351958
2024-06-08,0.02463832
2024-06-09,-0.00273832
2024-06-10,-0.00695040
2024-06-11,-0.00155534
2024-06-12,0.00025963
2024-06-13,0.00354733
2024-06-14,0.00888008
2024-06-15,-0.01085285
2024-06-16,0.00613391
2024-06-17,0.00996050
2024-06-18,0.02193505
2024-06-19,-0.00748752
2024-06-20,0.00569992
2024-06-21,0.00208368
2024-06-22,0.01480496
2024-06-23,0.00204901
2024-06-24,-0.02061181
2024-06-25,0.01010523
2024-06-26,0.01355932
2024-06-27,-0.00195775
2024-06-28,0.00245198
2024-06-29,0.01475744
2024-06-30,-0.00690985
2024-07-01,0.00331715
2024-07-02,0.00435449
2024-07-03,0.00690486
2024-07-04,0.01028626
2024-07-05,0.02896606
2024-07-06,-0.02324154
2024-07-07,-0.00086383
2024-07-08,-0.00896015
2024-07-09,-0.01134111
2024-07-10,-0.00545484
2024-07-11,0.00733989
2024-07-12,-0.00584514
2024-07-13,-0.02963918
2024-07-14,-0.01178619
2024-07-15,-0.00495548
2024-07-16,-0.00565544
2024-07-17,-0.01757216
2024-07-18,0.00509807
2024-07-19,-0.01556052
2024-07-20,0.00200856
2024-07-21,-0.00366045
2024-07-22,0.01329601
2024-07-23,-0.00258978
2024-07-24,0.02475333
2024-07-25,0.01216216
2024-07-26,-0.01435247
2024-07-27,-0.00482560
2024-07-28,0.02186304
2024-07-29,-0.00108225
2024-07-30,0.00683390
2024-07-31,0.00024832
2024-08-01,-0.00959947
2024-08-02,-0.00760361
2024-08-03,-0.00176812
2024-08-04,0.00480769
2024-08-05,0.00604382
2024-08-06,-0.01093033
2024-08-07,0.02733255
2024-08-08,-0.02906881
2024-08-09,-0.00761164
2024-08-10,-0.00826658
2024-08-11,0.00558563
2024-08-12,-0.01956930
2024-08-13,0.00479386
2024-08-14,0.02663081
2024-08-15,0.01554711
2024-08-16,0.00382727
2024-08-17,-0.00745959
2024-08-18,0.00325678
2024-08-19,0.02397203
2024-08-20,0.02820680
2024-08-21,-0.03328326
2024-08-22,-0.00989532
2024-08-23,-0.01536301
2024-08-24,-0.02868887
2024-08-25,0.02685897
2024-08-26,0.00992431
2024-08-27,0.00549634
2024-08-28,-0.00347855
2024-08-29,-0.00581782
2024-08-30,-0.00208995
2024-08-31,-0.00418866
2024-09-01,0.00900143
2024-09-02,-0.01117225
2024-09-03,0.00151771
2024-09-04,-0.01591177
2024-09-05,0.00256652
2024-09-06,-0.00008533
2024-09-07,-0.00264550
2024-09-08,-0.00042783
2024-09-09,-0.00873138
2024-09-10,0.00405872
2024-09-11,0.00197815
2024-09-12,-0.00283262
2024-09-13,-0.01299819
2024-09-14,0.00540729
2024-09-15,0.01830326
2024-09-16,-0.00119261
2024-09-17,0.00289979
2024-09-18,-0.00195595
2024-09-19,-0.01261077
2024-09-20,-0.00440110
2024-09-21,-0.00788767
2024-09-22,0.01310501
2024-09-23,-0.02431873
2024-09-24,-0.00388899
2024-09-25,-0.01801242
2024-09-26,-0.02087287
2024-09-27,-0.01033592
2024-09-28,0.00606117
2024-09-29,0.00806377
2024-09-30,0.01149320
2024-10-01,0.02427052
2024-10-02,0.00328364
2024-10-03,-0.01123397
2024-10-04,0.00599392
2024-10-05,-0.01333926
2024-10-06,0.00838215
2024-10-07,0.01966393
2024-10-08,0.00368163
2024-10-09,-0.00445415
2024-10-10,-0.00526362
2024-10-11,0.00405680
2024-10-12,0.03337725
2024-10-13,0.00849979
2024-10-14,-0.02452592
2024-10-15,-0.00829445
2024-10-16,0.00365917
2024-10-17,0.01223958
2024-10-18,-0.00368751
2024-10-19,-0.01084524
2024-10-20,-0.02636617
2024-10-21,0.00294933
2024-10-22,-0.00026733
2024-10-23,0.01025047
2024-10-24,0.01411682
2024-10-25,0.01444232
2024-10-26,0.00506003
2024-10-27,-0.00324260
2024-10-28,0.01746426
2024-10-29,0.01590240
2024-10-30,-0.00604605
2024-10-31,-0.00066661
2024-11-01,-0.00600350
2024-11-02,0.00494925
2024-11-03,0.00083472
2024-11-04,-0.00041701
2024-11-05,-0.00917814
2024-11-06,0.00530526
2024-11-07,-0.00242922
2024-11-08,-0.01948106
2024-11-09,0.01301704
2024-11-10,0.02925015
2024-11-11,0.00451745
2024-11-12,0.05674571
2024-11-13,0.03938409
2024-11-14,0.02210973
2024-11-15,0.03831027
2024-11-16,0.02630471
2024-11-17,0.00546784
2024-11-18,-0.03242472
2024-11-19,0.00814950
2024-11-20,0.01693380
2024-11-21,-0.00294662
2024-11-22,0.01766323
2024-11-23,-0.04450598
2024-11-24,-0.03534068
2024-11-25,-0.04484174
2024-11-26,-0.00805462
2024-11-27,0.00750135
2024-11-28,-0.02118514
2024-11-29,0.01521330
2024-11-30,-0.01737989
2024-12-01,0.03906926
2024-12-02,0.03638977
2024-12-03,0.14132418
2024-12-04,0.00159898
2024-12-05,-0.02713921
2024-12-06,-0.00045947
2024-12-07,-0.00124770
2024-12-08,0.02150043
2024-12-09,0.03250515
2024-12-10,0.00878998
2024-12-11,0.01303918
2024-12-12,0.02488867
2024-12-13,0.01862984
2024-12-14,0.00414865
2024-12-15,0.00936864
2024-12-16,0.02173412
2024-12-17,0.02680133
2024-12-18,-0.00291241
2024-12-19,0.01460457
2024-12-20,0.00494297
2024-12-21,0.00308091
2024-12-22,0.00980709
2024-12-23,-0.00645678
2024-12-24,0.00016113
2024-12-25,0.00456449
2024-12-26,-0.00080184
2024-12-27,-0.01439118
2024-12-28,-0.00613364
2024-12-29,0.00562534
2024-12-30,0.00602835
2024-12-31,0.01511553
2025-01-01,-0.01021059
2025-01-02,-0.01015474
2025-01-03,-0.02122347
2025-01-04,-0.00964951
2025-01-05,-0.01063949
2025-01-06,-0.00350917
2025-01-07,0.01800523
2025-01-08,0.01690565
2025-01-09,-0.00630967
2025-01-10,0.00822704
2025-01-11,0.00520263
2025-01-12,-0.00490330
2025-01-13,0.01275664
2025-01-14,-0.01897502
2025-01-15,0.03146526
2025-01-16,0.03184101
2025-01-17,-0.00150150
2025-01-18,0.02789733
2025-01-19,0.00766786
2025-01-20,0.00725907
2025-01-21,-0.01202783
2025-01-22,0.00105644
2025-01-23,0.00150761
2025-01-24,-0.00255908
2025-01-25,-0.00603682
2025-01-26,0.00035429
2025-01-27,0.00354161
2025-01-28,0.03140913
2025-01-29,0.00591456
2025-01-30,0.00952427
2025-01-31,-0.01386282
2025-02-01,0.01293503
2025-02-02,0.03488820
2025-02-03,0.02742596
2025-02-04,0.02719239
2025-02-05,-0.00066181
2025-02-06,0.02635762
2025-02-07,-0.01268981
2025-02-08,-0.01542349
2025-02-09,-0.00101779
2025-02-10,0.00004430
2025-02-11,0.00611269
2025-02-12,-0.01369200
2025-02-13,0.00982011
2025-02-14,-0.01746011
2025-02-15,0.02141443
2025-02-16,-0.00594609
2025-02-17,-0.00447517
2025-02-18,0.01526616
2025-02-19,0.00065758
2025-02-20,-0.03425918
2025-02-21,0.01143168
2025-02-22,-0.01829925
2025-02-23,0.00306104
2025-02-24,0.01216124
2025-02-25,-0.02268023
2025-02-26,-0.01676029
2025-02-27,-0.00594736
2025-02-28,0.00664248
2025-03-01,0.02255709
2025-03-02,0.02201373
2025-03-03,0.01871837
2025-03-04,0.03380368
2025-03-05,-0.00578280
2025-03-06,-0.00239500
2025-03-07,-0.00480151
2025-03-08,-0.00607392
2025-03-09,0.03289559
2025-03-10,0.01556730
2025-03-11,-0.03801182
2025-03-12,-0.00996435
2025-03-13,-0.01002126
2025-03-14,-0.02033304
2025-03-15,-0.03019324
2025-03-16,0.00927079
2025-03-17,-0.00749474
2025-03-18,-0.00626209
2025-03-19,-0.02803262
2025-03-20,0.01005864
2025-03-21,0.00240702
2025-03-22,-0.01101747
2025-03-23,-0.00961676
2025-03-24,-0.01961256
2025-03-25,-0.00671733
2025-03-26,-0.00385033
2025-03-27,0.00852329
2025-03-28,0.02805621
2025-03-29,0.01237872
2025-03-30,0.00424889
2025-03-31,-0.00597029
2025-04-01,-0.01007330
2025-04-02,0.02852092
2025-04-03,-0.01133355
2025-04-04,0.00291285
2025-04-05,0.00004684
2025-04-06,0.02693461
2025-04-07,0.00260001
2025-04-08,0.01005460
2025-04-09,-0.02360254
2025-04-10,0.01425474
2025-04-11,-0.00745929
2025-04-12,-0.02020896
2025-04-13,-0.03428277
2025-04-14,0.00891127
2025-04-15,0.00868856
2025-04-16,0.00870889
2025-04-17,0.00221740
2025-04-18,-0.01619357
2025-04-19,-0.01713001
2025-04-20,0.00092498
2025-04-21,0.02047665
2025-04-22,-0.01501358
2025-04-23,-0.02525888
2025-04-24,-0.00273034
2025-04-25,-0.00582408
2025-04-26,-0.01031444
2025-04-27,0.02134979
2025-04-28,0.01832772
2025-04-29,0.01770600
2025-04-30,0.00473186
2025-05-01,-0.01531802
2025-05-02,0.02019421
2025-05-03,0.00918691
2025-05-04,0.00192389
2025-05-05,0.01489322
2025-05-06,0.00622981
2025-05-07,0.00357716
2025-05-08,-0.04354979
2025-05-09,-0.01896799
2025-05-10,-0.04772805
2025-05-11,0.01181404
2025-05-12,0.01021027
2025-05-13,-0.02216552
2025-05-14,0.02845008
2025-05-15,0.03184238
2025-05-16,0.01036694
2025-05-17,0.01474659
2025-05-18,-0.00771293
2025-05-19,0.01255984
2025-05-20,0.00280846
2025-05-21,0.01269604
2025-05-22,-0.02235435
2025-05-23,0.02880581
2025-05-24,0.01095225
2025-05-25,0.01205748
2025-05-26,-0.00335916
2025-05-27,-0.01267302
2025-05-28,-0.02954028
2025-05-29,0.00042212
2025-05-30,0.03548992
2025-05-31,-0.00602164
2025-06-01,0.00309739
2025-06-02,-0.00635728
2025-06-03,-0.00324468
2025-06-04,0.00596030
2025-06-05,0.01535937
2025-06-06,-0.01104228
2025-06-07,-0.01234568
2025-06-08,0.00335478
2025-06-09,0.00370998
2025-06-10,0.00415260
2025-06-11,0.00099977
2025-06-12,0.01947610
2025-06-13,0.01563057
2025-06-14,-0.00442846
2025-06-15,0.00823571
2025-06-16,-0.00187830
2025-06-17,0.00857768
2025-06-18,-0.00551072
2025-06-19,0.00702474
2025-06-20,0.00220971
2025-06-21,0.01054861
2025-06-22,0.01163636
2025-06-23,-0.02511947
2025-06-24,-0.02038780
2025-06-25,0.01580835
2025-06-26,0.00963383
2025-06-27,-0.00129528
2025-06-28,-0.01141325
2025-06-29,-0.00800280
2025-06-30,0.01538529
2025-07-01,0.00877003
2025-07-02,-0.01631160
2025-07-03,-0.00021876
2025-07-04,0.01492276
2025-07-05,0.00409624
2025-07-06,-0.00283420
2025-07-07,0.00452177
2025-07-08,-0.00321530
2025-07-09,-0.01118231
2025-07-10,-0.02070375
2025-07-11,0.01465690
2025-07-12,0.00481506
2025-07-13,0.00078414
2025-07-14,0.00901058
2025-07-15,-0.02454702
2025-07-16,-0.01079121
2025-07-17,0.01023830
2025-07-18,-0.00247831
2025-07-19,-0.01472937
2025-07-20,0.00193624
2025-07-21,-0.03262775
2025-07-22,0.00850174
2025-07-23,0.03201585
2025-07-24,0.01414989
2025-07-25,0.00171655
2025-07-26,0.00729382
2025-07-27,0.00785169
2025-07-28,0.01804804
2025-07-29,0.00522915
2025-07-30,0.01112286
2025-07-31,0.00757069
2025-08-01,-0.00352858
2025-08-02,-0.00708215
2025-08-03,0.00234958
2025-08-04,0.00020929
2025-08-05,0.01100649
2025-08-06,-0.00107625
2025-08-07,0.01450356
2025-08-08,-0.00919043
2025-08-09,-0.01554191
2025-08-10,0.01980737
2025-08-11,0.02098304
2025-08-12,0.00241313
2025-08-13,-0.00854598
2025-08-14,0.01707741
2025-08-15,-0.00087534
2025-08-16,-0.01748238
2025-08-17,-0.00020266
2025-08-18,0.00121620
2025-08-19,-0.00376564
2025-08-20,0.00471468
2025-08-21,-0.00311489
2025-08-22,0.01010429
2025-08-23,0.00642777
2025-08-24,0.00007983
2025-08-25,0.00019957
2025-08-26,0.02107027
2025-08-27,-0.00633134
2025-08-28,-0.00711898
2025-08-29,0.00205990
2025-08-30,0.00845984
2025-08-31,0.00744806
2025-09-01,-0.00202335
2025-09-02,0.00081878
2025-09-03,0.00222058
2025-09-04,0.00066081
2025-09-05,-0.00337956
2025-09-06,-0.00639227
2025-09-07,-0.00062765
2025-09-08,-0.01707489
2025-09-09,0.01174075
2025-09-10,0.01298599
2025-09-11,0.00997506
2025-09-12,0.00293210
2025-09-13,-0.00457763
2025-09-14,0.00374850
2025-09-15,0.00750751
2025-09-16,-0.00374489
2025-09-17,0.00372061
2025-09-18,0.00385968
2025-09-19,0.00350223
2025-09-20,0.00546262
2025-09-21,-0.00237691
2025-09-22,0.01104304
2025-09-23,-0.00172066
2025-09-24,-0.00198591
2025-09-25,-0.01888493
2025-09-26,0.00122455
2025-09-27,-0.04674362
2025-09-28,0.01102602
2025-09-29,0.01122303
2025-09-30,-0.00537276
2025-10-01,-0.01139500
2025-10-02,0.01280262
2025-10-03,0.01669686
2025-10-04,0.01615152
2025-10-05,0.00796646
2025-10-06,-0.00964302
2025-10-07,0.01783191
2025-10-08,0.00142557
2025-10-09,0.00475762
2025-10-10,0.07214496
2025-10-11,-0.03887884
2025-10-12,-0.01288082
2025-10-13,-0.01532146
2025-10-14,0.00804050
2025-10-15,0.00683161
2025-10-16,0.00267743
2025-10-17,-0.00164606
2025-10-18,0.01696406
2025-10-19,0.00414325
2025-10-20,-0.01664813
2025-10-21,-0.00430547
2025-10-22,0.01392502
2025-10-23,-0.00191550
2025-10-24,-0.01455678
2025-10-25,0.00790035
2025-10-26,-0.00404681
2025-10-27,0.01120141
2025-10-28,0.00941211
2025-10-29,-0.00620427
2025-10-30,0.01111472
2025-10-31,0.00738784
2025-11-01,-0.02883866
2025-11-02,-0.01181964
2025-11-03,0.03263438
2025-11-04,-0.00561276
2025-11-05,-0.01750854
2025-11-06,-0.02038203
2025-11-07,-0.06282918
2025-11-08,-0.00601857
2025-11-09,0.02405967
2025-11-10,-0.00798810
2025-11-11,0.00426305
2025-11-12,0.01336373
2025-11-13,0.00546893
2025-11-14,0.02916329
2025-11-15,0.01057011
2025-11-16,0.00281889
2025-11-17,0.01128084
2025-11-18,-0.00190184
2025-11-19,-0.01234885
2025-11-20,0.00541684
2025-11-21,0.02302668
2025-11-22,0.02066876
2025-11-23,0.01035482
2025-11-24,-0.02738816
2025-11-25,-0.00309286
2025-11-26,0.01056999
2025-11-27,-0.00007140
2025-11-28,0.01660062
2025-11-29,0.00323079
2025-11-30,0.01491179
2025-12-01,0.01748638
2025-12-02,-0.03376157
2025-12-03,0.00564813
2025-12-04,0.00715133
2025-12-05,0.01950054
2025-12-06,-0.00434871
2025-12-07,0.00774585
2025-12-08,-0.02478583
2025-12-09,-0.01499948
2025-12-10,0.02079735
2025-12-11,0.02151317
2025-12-12,0.00990467
2025-12-13,0.00307950
2025-12-14,0.00126806
2025-12-15,0.01506416
2025-12-16,0.00492498
2025-12-17,0.00744928
2025-12-18,0.01812875
2025-12-19,-0.01181754
2025-12-20,0.00912226
2025-12-21,0.00773015
2025-12-22,-0.01128439
2025-12-23,-0.01596563
2025-12-24,-0.00364892
2025-12-25,0.01595710
2025-12-26,0.00022530
2025-12-27,-0.01834154
2025-12-28,0.00603140
2025-12-29,-0.00286729
2025-12-30,0.00709081
2025-12-31,0.02151201
2026-01-01,-0.04786710
2026-01-02,-0.04223379
2026-01-03,0.01090212
2026-01-04,-0.03903800
2026-01-05,-0.01003944
2026-01-06,-0.01372691
2026-01-07,0.00892365
2026-01-08,0.01354007
2026-01-09,0.00800833
2026-01-10,0.02084150
2026-01-11,0.01790326
2026-01-12,0.02266260
2026-01-13,-0.00432480
2026-01-14,0.01498367
2026-01-15,0.01781449
2026-01-16,-0.01062547
2026-01-17,0.00276725
2026-01-18,0.01731332
2026-01-19,-0.00381063
2026-01-20,-0.01108662
2026-01-21,0.00209795
2026-01-22,0.01135100
2026-01-23,-0.01080312
2026-01-24,-0.00062126
2026-01-25,-0.00212668
2026-01-26,-0.00272140
2026-01-27,0.01242767
2026-01-28,-0.02178996
2026-01-29,0.00371809
2026-01-30,0.00079378
2026-01-31,-0.00826200
2026-02-01,-0.00096638
2026-02-02,0.00073382
2026-02-03,0.00279981
2026-02-04,0.00844246
2026-02-05,0.01756757
2026-02-06,-0.02908690
2026-02-07,0.00593828
2026-02-08,0.00785991
2026-02-09,0.01023363
2026-02-10,0.00726361
2026-02-11,0.00879576
2026-02-12,-0.02224644
2026-02-13,0.00118025
2026-02-14,-0.01201781
2026-02-15,0.00407676
2026-02-16,0.00746022
2026-02-17,-0.00360419
2026-02-18,0.01996054
2026-02-19,0.00970436
2026-02-20,-0.01542244
2026-02-21,-0.00535106
2026-02-22,0.00948810
2026-02-23,-0.01831336
2026-02-24,0.00358623
2026-02-25,-0.08684392
2026-02-26,0.00491850
2026-02-27,0.00275088
2026-02-28,0.00562919
2026-03-01,0.01009707
2026-03-02,-0.01020659
2026-03-03,-0.00049610
2026-03-04,-0.01581224
2026-03-05,0.00021614
2026-03-06,0.00565440
2026-03-07,0.01307166
2026-03-08,0.00749434
2026-03-09,0.01105263
2026-03-10,-0.00201284
2026-03-11,-0.00385993
2026-03-12,0.00219926
2026-03-13,-0.03194120
2026-03-14,0.02515112
2026-03-15,0.00909059
2026-03-16,-0.03189565
2026-03-17,0.01706607
2026-03-18,-0.00063586
2026-03-19,0.00883704
2026-03-20,-0.00115627
2026-03-21,-0.00680535
2026-03-22,0.00261364
2026-03-23,-0.01134322
2026-03-24,0.01535721
2026-03-25,0.00189500
2026-03-26,0.00059545
2026-03-27,0.01123674
2026-03-28,0.00384243
2026-03-29,-0.00186213
2026-03-30,-0.00960442
2026-03-31,-0.00704643
2026-04-01,0.00663973
2026-04-02,0.01158651
2026-04-03,0.00914234
2026-04-04,-0.00345287
2026-04-05,0.00898799
2026-04-06,-0.00999592
2026-04-07,0.00137372
2026-04-08,0.00812813
2026-04-09,0.00513693
2026-04-10,-0.00988289
2026-04-11,0.00461475
2026-04-12,0.00680527
2026-04-13,-0.01051066
2026-04-14,0.00040986
2026-04-15,-0.00372141
2026-04-16,-0.04139680
2026-04-17,0.00221642
2026-04-18,0.00720528
2026-04-19,-0.00074371
2026-04-20,-0.00340232
2026-04-21,0.01027738
2026-04-22,-0.00876483
2026-04-23,0.00095881
2026-04-24,-0.00376060
2026-04-25,0.01502795
2026-04-26,0.00564853
2026-04-27,-0.00118616
2026-04-28,-0.01271394
2026-04-29,0.01492960
2026-04-30,0.01369911
2026-05-01,0.02028816
2026-05-02,0.00286475
2026-05-03,0.01337545
2026-05-04,0.01356371
2026-05-05,0.01940255
2026-05-06,0.01068815
2026-05-07,0.00533520
2026-05-08,0.02315444
2026-05-09,0.00194504
2026-05-10,-0.02147721
2026-05-11,-0.00040937
2026-05-12,0.01805122
2026-05-13,-0.00662211
2026-05-14,-0.00682200
2026-05-15,0.01022488
2026-05-16,0.00608526
2026-05-17,0.01376331
2026-05-18,0.01318073
2026-05-19,0.01706526
2026-05-20,0.01934893
2026-05-21,0.00356449
2026-05-22,0.00643950
2026-05-23,0.01796115
2026-05-24,0.01355732
2026-05-25,0.01735261
2026-05-26,0.01232779
2026-05-27,-0.01922506
2026-05-28,-0.01079206
2026-05-29,0.02346163
2026-05-30,0.01430358
2026-05-31,0.00254692
2026-06-01,0.00914561
2026-06-02,0.02586321
2026-06-03,0.00351303
2026-06-04,-0.01760663
2026-06-05,0.01506616
2026-06-06,-0.00234899
2026-06-07,-0.02217392
2026-06-08,0.01013442
2026-06-09,-0.00055010
2026-06-10,0.00000000
2026-06-11,0.00026210
2026-06-12,0.00091709
2026-06-13,0.00311526
2026-06-14,0.00579362
2026-06-15,-0.02355994
2026-06-16,0.01849490
2026-06-17,0.00610520
2026-06-18,0.00899850
2026-06-19,0.00840423
2026-06-20,-0.00902233
2026-06-21,-0.00123450
2026-06-22,-0.00733893
2026-06-23,-0.00682249
2026-06-24,0.02235804
2026-06-25,0.01688723
2026-06-26,0.00193453
2026-06-27,0.00446339
2026-06-28,0.00644066
2026-06-29,0.00029765
2026-06-30,0.00198373
2026-07-01,-0.00210354
2026-07-02,0.00280237
2026-07-03,-0.01896825
2026-07-04,-0.00897426
2026-07-05,0.00434971
2026-07-06,0.00534394
2026-07-07,0.00418189
2026-07-08,-0.00439026
2026-07-09,0.00453560
2026-07-10,-0.01768424
2026-07-11,0.01276780
2026-07-12,0.01195129
2026-07-13,-0.01143640
2026-07-14,0.00068051
2026-07-15,0.00141047
2026-07-16,-0.01033728
2026-07-17,-0.00287181
2026-07-18,-0.00356824
2026-07-19,0.00575521
2026-07-20,-0.00005086
2026-07-21,-0.00233990
2026-07-22,-0.00451231
2026-07-23,0.00993623
2026-07-24,-0.00304283
2026-07-25,-0.03041941
2026-07-26,0.00535138
2026-07-27,-0.00221787
2026-07-28,-0.00567469
2026-07-29,0.00218289
2026-07-30,0.01564058
2026-07-31,-0.01382358
2026-08-01,-0.00673357
2026-08-02,-0.00110789
2026-08-03,-0.00689236
2026-08-04,-0.00861542
2026-08-05,0.00901215
2026-08-06,0.00348228
2026-08-07,-0.00084768
2026-08-08,-0.01277904
2026-08-09,0.00064454
2026-08-10,-0.00837359
2026-08-11,-0.00606257
2026-08-12,0.01189958
2026-08-13,-0.00209897
2026-08-14,-0.00506971
2026-08-15,0.00723675
2026-08-16,0.00758840
