date,return
2021-01-01,0.00000000
2021-01-02,-0.02300000
2021-01-03,-0.05424770
2021-01-04,0.01839827
2021-01-05,0.01912859
2021-01-06,-0.00104275
2021-01-07,-0.00104384
2021-01-08,-0.06269592
2021-01-09,0.02675585
2021-01-10,0.08577633
2021-01-11,0.02200000
2021-01-12,0.02446184
2021-01-13,0.01146132
2021-01-14,-0.02171860
2021-01-15,0.01351351
2021-01-16,0.05142857
2021-01-17,0.02626812
2021-01-18,0.00353045
2021-01-19,-0.02550572
2021-01-20,0.02617329
2021-01-21,-0.02638522
2021-01-22,0.01806685
2021-01-23,-0.00177462
2021-01-24,0.03288889
2021-01-25,0.00602410
2021-01-26,0.02224123
2021-01-27,-0.01004184
2021-01-28,0.14370245
2021-01-29,-0.00147820
2021-01-30,-0.02738712
2021-01-31,0.00913242
2021-02-01,0.01960784
2021-02-02,0.03624260
2021-02-03,0.02569593
2021-02-04,0.04175365
2021-02-05,0.06880428
2021-02-06,-0.01437500
2021-02-07,-0.01268231
2021-02-08,0.05330764
2021-02-09,-0.01219512
2021-02-10,0.04691358
2021-02-11,0.01356132
2021-02-12,0.01628854
2021-02-13,-0.00572410
2021-02-14,0.02648244
2021-02-15,0.06730230
2021-02-16,0.01418812
2021-02-17,0.01761658
2021-02-18,-0.01680244
2021-02-19,0.00207147
2021-02-20,0.00723514
2021-02-21,0.00513084
2021-02-22,0.03981623
2021-02-23,0.06234659
2021-02-24,0.01062847
2021-02-25,-0.02057613
2021-02-26,0.02801120
2021-02-27,-0.00363306
2021-02-28,0.03372835
2021-03-01,0.00264550
2021-03-02,0.01627089
2021-03-03,0.00346170
2021-03-04,0.00431220
2021-03-05,-0.00987548
2021-03-06,0.00477016
2021-03-07,-0.01985326
2021-03-08,0.03214443
2021-03-09,-0.00981229
2021-03-10,0.01938819
2021-03-11,0.02535926
2021-03-12,-0.01360264
2021-03-13,-0.02340159
2021-03-14,0.00513479
2021-03-15,0.00510856
2021-03-16,-0.00974163
2021-03-17,0.01582549
2021-03-18,0.01263158
2021-03-19,0.00374220
2021-03-20,0.01159901
2021-03-21,0.00900901
2021-03-22,0.01582792
2021-03-23,0.00878945
2021-03-24,-0.01029703
2021-03-25,-0.01840736
2021-03-26,-0.03098247
2021-03-27,0.03281447
2021-03-28,0.00610998
2021-03-29,0.00728745
2021-03-30,0.01125402
2021-03-31,-0.05166932
2021-04-01,0.00963956
2021-04-02,-0.01411374
2021-04-03,0.00673684
2021-04-04,-0.02509410
2021-04-05,-0.05019305
2021-04-06,0.01716350
2021-04-07,-0.00710480
2021-04-08,0.00357782
2021-04-09,0.00401070
2021-04-10,-0.00932091
2021-04-11,0.03315412
2021-04-12,0.02341717
2021-04-13,-0.02330508
2021-04-14,-0.02733189
2021-04-15,0.04950937
2021-04-16,-0.01274968
2021-04-17,0.03831253
2021-04-18,0.06716418
2021-04-19,0.01126651
2021-04-20,0.02420284
2021-04-21,-0.02363091
2021-04-22,0.02420284
2021-04-23,0.03825956
2021-04-24,0.02528902
2021-04-25,0.00281889
2021-04-26,0.00281096
2021-04-27,-0.01121233
2021-04-28,-0.00531538
2021-04-29,0.00249377
2021-04-30,-0.03447050
2021-05-01,-0.00883327
2021-05-02,0.01373932
2021-05-03,0.00439560
2021-05-04,0.00474106
2021-05-05,-0.09110708
2021-05-06,-0.02396166
2021-05-07,0.02823241
2021-05-08,0.01989654
2021-05-09,-0.00897386
2021-05-10,0.01732283
2021-05-11,-0.01702786
2021-05-12,0.03543307
2021-05-13,0.00608365
2021-05-14,-0.01776266
2021-05-15,0.01192766
2021-05-16,0.02053232
2021-05-17,0.00000000
2021-05-18,-0.02160954
2021-05-19,0.00875857
2021-05-20,0.01170253
2021-05-21,0.00708955
2021-05-22,-0.00963320
2021-05-23,0.02805836
2021-05-24,-0.02074236
2021-05-25,0.02081011
2021-05-26,0.00873680
2021-05-27,-0.00902201
2021-05-28,-0.02876912
2021-05-29,-0.01499813
2021-05-30,0.01865246
2021-05-31,-0.01307922
2021-06-01,0.00643696
2021-06-02,0.00263356
2021-06-03,0.01801126
2021-06-04,-0.00700332
2021-06-05,-0.00259837
2021-06-06,0.00744325
2021-06-07,-0.00812708
2021-06-08,0.00968343
2021-06-09,-0.02729620
2021-06-10,-0.00948047
2021-06-11,-0.02258806
2021-06-12,0.01214258
2021-06-13,0.00773994
2021-06-14,0.00345622
2021-06-15,0.00688863
2021-06-16,-0.01786393
2021-06-17,0.00773994
2021-06-18,0.00307220
2021-06-19,0.00229709
2021-06-20,0.00534759
2021-06-21,-0.01329787
2021-06-22,-0.00770119
2021-06-23,-0.00465658
2021-06-24,0.00116959
2021-06-25,-0.01557632
2021-06-26,0.00356013
2021-06-27,-0.01221916
2021-06-28,-0.00558659
2021-06-29,-0.01565008
2021-06-30,0.02527517
2021-07-01,0.00715706
2021-07-02,0.00829056
2021-07-03,0.00234926
2021-07-04,0.00625000
2021-07-05,0.01513975
2021-07-06,0.01414914
2021-07-07,0.00565611
2021-07-08,-0.01274841
2021-07-09,-0.01025446
2021-07-10,0.00460476
2021-07-11,-0.00076394
2021-07-12,-0.00038226
2021-07-13,0.02026769
2021-07-14,-0.01799100
2021-07-15,0.01412214
2021-07-16,0.00301091
2021-07-17,0.00375235
2021-07-18,-0.00037383
2021-07-19,-0.01009723
2021-07-20,-0.00717794
2021-07-21,-0.01179604
2021-07-22,0.00000000
2021-07-23,-0.00308048
2021-07-24,-0.00617999
2021-07-25,0.00816168
2021-07-26,0.00732460
2021-07-27,0.01377727
2021-07-28,-0.01510004
2021-07-29,0.00191644
2021-07-30,-0.00306044
2021-07-31,0.00997698
2021-08-01,-0.00037994
2021-08-02,0.00912201
2021-08-03,0.00489642
2021-08-04,-0.00224888
2021-08-05,-0.00150263
2021-08-06,-0.00827690
2021-08-07,-0.02086495
2021-08-08,0.00309957
2021-08-09,-0.00811124
2021-08-10,0.02842679
2021-08-11,-0.01514578
2021-08-12,0.00499808
2021-08-13,0.00038256
2021-08-14,0.00917782
2021-08-15,-0.01212581
2021-08-16,-0.00920598
2021-08-17,0.02826171
2021-08-18,0.02183735
2021-08-19,0.00921150
2021-08-20,0.01569916
2021-08-21,0.00862689
2021-08-22,0.01176051
2021-08-23,0.01655513
2021-08-24,-0.02009702
2021-08-25,0.00884017
2021-08-26,-0.00245356
2021-08-27,-0.02319044
2021-08-28,-0.03309353
2021-08-29,-0.01413690
2021-08-30,-0.01245283
2021-08-31,-0.01146351
2021-09-01,0.01120990
2021-09-02,-0.00267584
2021-09-03,-0.03334611
2021-09-04,0.00198255
2021-09-05,0.00791452
2021-09-06,0.00628190
2021-09-07,-0.01599688
2021-09-08,0.05392546
2021-09-09,0.03160271
2021-09-10,0.00692925
2021-09-11,0.01629844
2021-09-12,0.02957947
2021-09-13,0.01073036
2021-09-14,0.00890411
2021-09-15,0.00950441
2021-09-16,-0.00201748
2021-09-17,-0.02156334
2021-09-18,-0.00654270
2021-09-19,0.02253033
2021-09-20,-0.01050847
2021-09-21,-0.01952724
2021-09-22,0.00524109
2021-09-23,-0.01007994
2021-09-24,0.00245787
2021-09-25,0.00315236
2021-09-26,0.00977654
2021-09-27,-0.00795297
2021-09-28,0.00348554
2021-09-29,0.00416811
2021-09-30,0.00449671
2021-10-01,-0.05578512
2021-10-02,-0.01531729
2021-10-03,-0.00666667
2021-10-04,0.00633855
2021-10-05,0.01482030
2021-10-06,0.02592187
2021-10-07,0.01779359
2021-10-08,-0.02027972
2021-10-09,0.00321199
2021-10-10,0.01707577
2021-10-11,0.01259182
2021-10-12,0.00552677
2021-10-13,0.02129852
2021-10-14,-0.00235452
2021-10-15,0.01045179
2021-10-16,0.00166834
2021-10-17,0.00499667
2021-10-18,0.00198873
2021-10-19,-0.00694674
2021-10-20,-0.01399067
2021-10-21,0.00202703
2021-10-22,0.00033715
2021-10-23,-0.01145939
2021-10-24,0.00784180
2021-10-25,-0.00236806
2021-10-26,-0.02950153
2021-10-27,-0.00209644
2021-10-28,-0.00210084
2021-10-29,0.00596491
2021-10-30,0.00941751
2021-10-31,-0.00621977
2021-11-01,0.00591099
2021-11-02,0.01036986
2021-11-03,-0.00068423
2021-11-04,-0.00308114
2021-11-05,0.00549451
2021-11-06,0.01195355
2021-11-07,0.01349983
2021-11-08,-0.00732601
2021-11-09,0.00570278
2021-11-10,0.00233489
2021-11-11,0.00033278
2021-11-12,0.00532269
2021-11-13,-0.00297816
2021-11-14,-0.00298706
2021-11-15,0.01498003
2021-11-16,0.00918334
2021-11-17,-0.00032499
2021-11-18,-0.01007802
2021-11-19,0.00985222
2021-11-20,0.01983740
2021-11-21,0.01243622
2021-11-22,0.00188976
2021-11-23,0.00157183
2021-11-24,-0.00564972
2021-11-25,0.00473485
2021-11-26,-0.00942507
2021-11-27,0.00729464
2021-11-28,0.00818640
2021-11-29,0.00374766
2021-11-30,-0.00186683
2021-12-01,0.00748130
2021-12-02,0.02227723
2021-12-03,-0.03692494
2021-12-04,0.00157134
2021-12-05,0.02604330
2021-12-06,-0.00550459
2021-12-07,-0.03628536
2021-12-08,-0.00542438
2021-12-09,0.00834135
2021-12-10,-0.01240853
2021-12-11,-0.00579897
2021-12-12,0.00259235
2021-12-13,0.00775695
2021-12-14,0.00256575
2021-12-15,0.00767754
2021-12-16,0.00476190
2021-12-17,0.00063191
2021-12-18,0.00536786
2021-12-19,0.01256281
2021-12-20,-0.00217122
2021-12-21,-0.00279764
2021-12-22,-0.00997506
2021-12-23,-0.00692695
2021-12-24,-0.00380469
2021-12-25,-0.00636537
2021-12-26,0.00000000
2021-12-27,0.01633568
2021-12-28,0.00756382
2021-12-29,0.00531749
2021-12-30,-0.00653391
2021-12-31,-0.01378014
2022-01-01,0.00508098
2022-01-02,-0.00473934
2022-01-03,-0.02000000
2022-01-04,-0.01101393
2022-01-05,-0.00360301
2022-01-06,-0.01610782
2022-01-07,-0.01503508
2022-01-08,-0.00339213
2022-01-09,0.00034037
2022-01-10,-0.00170126
2022-01-11,0.01976823
2022-01-12,-0.00233957
2022-01-13,0.01507538
2022-01-14,-0.00858086
2022-01-15,0.00133156
2022-01-16,0.01662234
2022-01-17,0.02223676
2022-01-18,-0.00319898
2022-01-19,0.00673941
2022-01-20,0.00382531
2022-01-21,-0.01810098
2022-01-22,-0.00291074
2022-01-23,-0.00389231
2022-01-24,-0.00195376
2022-01-25,0.00163132
2022-01-26,-0.01661238
2022-01-27,-0.00033124
2022-01-28,0.00265076
2022-01-29,0.01024455
2022-01-30,-0.01341184
2022-01-31,-0.01458886
2022-02-01,-0.00067295
2022-02-02,-0.00538721
2022-02-03,0.01218687
2022-02-04,0.01003344
2022-02-05,-0.00132450
2022-02-06,-0.00265252
2022-02-07,0.00565160
2022-02-08,-0.01355372
2022-02-09,0.02010724
2022-02-10,-0.00558476
2022-02-11,-0.01156260
2022-02-12,0.01069519
2022-02-13,0.00793651
2022-02-14,0.00951444
2022-02-15,0.00227494
2022-02-16,-0.00032425
2022-02-17,-0.00746027
2022-02-18,-0.00555556
2022-02-19,0.01183043
2022-02-20,-0.01104255
2022-02-21,-0.00164204
2022-02-22,0.01875000
2022-02-23,-0.00548918
2022-02-24,0.00097403
2022-02-25,-0.01427181
2022-02-26,-0.00460678
2022-02-27,-0.00429752
2022-02-28,0.00365206
2022-03-01,-0.00231558
2022-03-02,-0.00596817
2022-03-03,-0.00300200
2022-03-04,-0.01037136
2022-03-05,0.01217039
2022-03-06,0.00734803
2022-03-07,0.01326260
2022-03-08,0.02225131
2022-03-09,0.00480154
2022-03-10,0.03153871
2022-03-11,-0.00030883
2022-03-12,-0.00803213
2022-03-13,-0.00404858
2022-03-14,0.00531582
2022-03-15,-0.00342146
2022-03-16,-0.02621723
2022-03-17,0.03493590
2022-03-18,-0.00402601
2022-03-19,0.00715174
2022-03-20,0.00926212
2022-03-21,-0.00336494
2022-03-22,0.00399018
2022-03-23,-0.01926017
2022-03-24,-0.00436409
2022-03-25,0.01628053
2022-03-26,0.00924214
2022-03-27,0.00366300
2022-03-28,-0.01216545
2022-03-29,-0.02001232
2022-03-30,-0.00125668
2022-03-31,-0.01384083
2022-04-01,0.00797448
2022-04-02,0.01265823
2022-04-03,-0.00718750
2022-04-04,0.01133144
2022-04-05,-0.00684718
2022-04-06,-0.00501410
2022-04-07,0.00125984
2022-04-08,-0.00503303
2022-04-09,0.01517547
2022-04-10,0.01090003
2022-04-11,-0.00924214
2022-04-12,0.00466418
2022-04-13,0.00340452
2022-04-14,0.00000000
2022-04-15,0.01974090
2022-04-16,-0.01179673
2022-04-17,0.00244873
2022-04-18,0.01099237
2022-04-19,-0.01963153
2022-04-20,-0.00924214
2022-04-21,0.02238806
2022-04-22,-0.00577859
2022-04-23,0.00581217
2022-04-24,0.00212895
2022-04-25,-0.00303490
2022-04-26,-0.00487062
2022-04-27,0.00000000
2022-04-28,0.01376568
2022-04-29,-0.00271575
2022-04-30,0.02571861
2022-05-01,-0.01710914
2022-05-02,0.00330132
2022-05-03,-0.01615316
2022-05-04,-0.01337793
2022-05-05,0.00123267
2022-05-06,-0.00400123
2022-05-07,-0.00030902
2022-05-08,-0.01360124
2022-05-09,-0.00344720
2022-05-10,0.03301887
2022-05-11,0.00791476
2022-05-12,0.01268499
2022-05-13,0.00596481
2022-05-14,0.00266825
2022-05-15,0.01212300
2022-05-16,0.02833772
2022-05-17,-0.01107955
2022-05-18,0.00804367
2022-05-19,-0.01852380
2022-05-20,0.00842044
2022-05-21,0.00201555
2022-05-22,0.00890805
2022-05-23,0.00427229
2022-05-24,-0.00113443
2022-05-25,0.01788756
2022-05-26,0.00557880
2022-05-27,0.03633842
2022-05-28,-0.01632762
2022-05-29,-0.00380952
2022-05-30,-0.00983338
2022-05-31,0.01793103
2022-06-01,0.01084011
2022-06-02,0.00589812
2022-06-03,0.01012793
2022-06-04,-0.00395778
2022-06-05,0.00741722
2022-06-06,-0.00315540
2022-06-07,0.00685835
2022-06-08,0.00026199
2022-06-09,-0.00654793
2022-06-10,0.02214606
2022-06-11,0.01109105
2022-06-12,0.00739796
2022-06-13,-0.03975690
2022-06-14,-0.01635021
2022-06-15,-0.02841823
2022-06-16,-0.00717439
2022-06-17,0.00806003
2022-06-18,-0.01268266
2022-06-19,0.02289863
2022-06-20,0.01037401
2022-06-21,0.00837611
2022-06-22,0.01286174
2022-06-23,0.00582011
2022-06-24,-0.02025250
2022-06-25,-0.01100671
2022-06-26,0.00380022
2022-06-27,0.00973499
2022-06-28,0.01178361
2022-06-29,-0.01111699
2022-06-30,0.00776231
2022-07-01,-0.00239044
2022-07-02,0.00346113
2022-07-03,-0.00079597
2022-07-04,-0.01274562
2022-07-05,0.00914470
2022-07-06,-0.00719616
2022-07-07,-0.00536913
2022-07-08,0.02132254
2022-07-09,0.01268499
2022-07-10,-0.00156576
2022-07-11,0.00078411
2022-07-12,0.00679028
2022-07-13,-0.01089494
2022-07-14,0.01180173
2022-07-15,-0.00103681
2022-07-16,-0.00804359
2022-07-17,-0.01307873
2022-07-18,-0.05989928
2022-07-19,0.00197350
2022-07-20,0.01012943
2022-07-21,-0.00529248
2022-07-22,-0.00224027
2022-07-23,-0.01655908
2022-07-24,0.00142694
2022-07-25,0.00740952
2022-07-26,0.00452617
2022-07-27,-0.01408054
2022-07-28,-0.00542702
2022-07-29,0.00919012
2022-07-30,-0.03813318
2022-07-31,0.01183432
2022-08-01,-0.00233918
2022-08-02,0.00644783
2022-08-03,-0.00203844
2022-08-04,0.01575722
2022-08-05,-0.02470554
2022-08-06,0.02533137
2022-08-07,-0.00057455
2022-08-08,-0.00402414
2022-08-09,-0.00144300
2022-08-10,-0.00867052
2022-08-11,-0.01020408
2022-08-12,-0.00294551
2022-08-13,-0.00295421
2022-08-14,0.00651852
2022-08-15,0.00176626
2022-08-16,0.00440788
2022-08-17,-0.00058514
2022-08-18,-0.00351288
2022-08-19,0.01292597
2022-08-20,0.01595128
2022-08-21,-0.00114188
2022-08-22,-0.01629037
2022-08-23,-0.01220221
2022-08-24,-0.00617647
2022-08-25,0.00384729
2022-08-26,0.00795991
2022-08-27,0.00614215
2022-08-28,0.01569767
2022-08-29,-0.00944476
2022-08-30,-0.00924588
2022-08-31,-0.01603966
2022-09-01,-0.00385299
2022-09-02,0.00238024
2022-09-03,-0.01068566
2022-09-04,0.00600060
2022-09-05,-0.02445571
2022-09-06,0.00000000
2022-09-07,0.00244574
2022-09-08,-0.00457457
2022-09-09,0.00827206
2022-09-10,-0.00516560
2022-09-11,-0.00274893
2022-09-12,0.00245023
2022-09-13,-0.00886037
2022-09-14,0.00000000
2022-09-15,0.00832306
2022-09-16,0.01131153
2022-09-17,-0.00332527
2022-09-18,0.01607522
2022-09-19,-0.00089552
2022-09-20,0.02330445
2022-09-21,0.00379562
2022-09-22,-0.00436300
2022-09-23,-0.00438212
2022-09-24,0.00586854
2022-09-25,0.00466744
2022-09-26,0.00580720
2022-09-27,0.02049654
2022-09-28,0.00735502
2022-09-29,0.00196574
2022-09-30,0.00728700
2022-10-01,-0.00139121
2022-10-02,0.00780162
2022-10-03,0.00746475
2022-10-04,0.00219539
2022-10-05,-0.00958379
2022-10-06,0.00718828
2022-10-07,0.00603898
2022-10-08,0.00682128
2022-10-09,-0.00433604
2022-10-10,0.00626021
2022-10-11,0.01379497
2022-10-12,0.00827108
2022-10-13,0.01243715
2022-10-14,-0.00026137
2022-10-15,-0.01071895
2022-10-16,0.00158562
2022-10-17,-0.00844327
2022-10-18,0.00478978
2022-10-19,0.02198093
2022-10-20,-0.00336875
2022-10-21,-0.01430057
2022-10-22,0.00131891
2022-10-23,-0.00052687
2022-10-24,0.00817080
2022-10-25,-0.00183007
2022-10-26,0.01100052
2022-10-27,-0.00544041
2022-10-28,-0.00312581
2022-10-29,0.00783904
2022-10-30,0.00829660
2022-10-31,0.00514271
2022-11-01,0.00153492
2022-11-02,0.02401022
2022-11-03,-0.00199551
2022-11-04,0.01099725
2022-11-05,-0.02126082
2022-11-06,0.00757767
2022-11-07,0.00852344
2022-11-08,0.03355705
2022-11-09,-0.02429052
2022-11-10,0.01331033
2022-11-11,-0.00072975
2022-11-12,0.01192795
2022-11-13,-0.02622083
2022-11-14,0.01012846
2022-11-15,-0.00269014
2022-11-16,0.00245218
2022-11-17,0.00171233
2022-11-18,0.00146520
2022-11-19,-0.00316996
2022-11-20,0.00709393
2022-11-21,-0.01675978
2022-11-22,-0.00518775
2022-11-23,0.01018128
2022-11-24,0.01327434
2022-11-25,0.00097040
2022-11-26,-0.00048473
2022-11-27,-0.00387973
2022-11-28,-0.00097371
2022-11-29,-0.00828460
2022-11-30,-0.00294840
2022-12-01,0.00049285
2022-12-02,0.00566502
2022-12-03,0.00857213
2022-12-04,-0.00849927
2022-12-05,-0.02081803
2022-12-06,-0.00300150
2022-12-07,0.00526844
2022-12-08,0.01572249
2022-12-09,0.00614251
2022-12-10,0.00170940
2022-12-11,0.00536324
2022-12-12,0.00800194
2022-12-13,-0.00264614
2022-12-14,0.00265316
2022-12-15,0.00216502
2022-12-16,0.02064330
2022-12-17,0.01269991
2022-12-18,0.01161170
2022-12-19,0.01928375
2022-12-20,-0.00157658
2022-12-21,-0.00338371
2022-12-22,-0.00181077
2022-12-23,-0.01133787
2022-12-24,0.00022936
2022-12-25,0.00000000
2022-12-26,0.00756707
2022-12-27,0.00273100
2022-12-28,0.01611439
2022-12-29,0.01608220
2022-12-30,-0.00351726
2022-12-31,-0.00375028
2023-01-01,-0.00310009
2023-01-02,-0.01488227
2023-01-03,0.00315671
2023-01-04,-0.01865588
2023-01-05,0.00458085
2023-01-06,-0.01025992
2023-01-07,-0.01382170
2023-01-08,0.00023359
2023-01-09,-0.01191032
2023-01-10,0.00023635
2023-01-11,0.01677694
2023-01-12,0.00000000
2023-01-13,-0.03485940
2023-01-14,-0.00264869
2023-01-15,0.00603573
2023-01-16,0.00887929
2023-01-17,0.00166508
2023-01-18,-0.00688673
2023-01-19,0.00549976
2023-01-20,-0.00047562
2023-01-21,-0.00951701
2023-01-22,-0.02282008
2023-01-23,0.00417896
2023-01-24,0.00391677
2023-01-25,-0.00365764
2023-01-26,-0.00440529
2023-01-27,0.02040315
2023-01-28,0.00867261
2023-01-29,-0.01170289
2023-01-30,-0.00362494
2023-01-31,-0.00315304
2023-02-01,-0.00170316
2023-02-02,0.00658055
2023-02-03,-0.00096852
2023-02-04,0.00363548
2023-02-05,0.00289785
2023-02-06,-0.00216711
2023-02-07,-0.02509653
2023-02-08,0.00445545
2023-02-09,-0.00123213
2023-02-10,0.00271404
2023-02-11,0.00787402
2023-02-12,0.00537109
2023-02-13,0.00339971
2023-02-14,0.00217812
2023-02-15,0.01183289
2023-02-16,-0.01169451
2023-02-17,-0.01424777
2023-02-18,-0.01004410
2023-02-19,0.00841376
2023-02-20,0.00932515
2023-02-21,0.00826647
2023-02-22,0.00916325
2023-02-23,-0.00621266
2023-02-24,-0.00408752
2023-02-25,0.00265572
2023-02-26,0.00385264
2023-02-27,-0.00239866
2023-02-28,0.00504929
2023-03-01,-0.01172249
2023-03-02,-0.00702009
2023-03-03,-0.01730863
2023-03-04,0.01116348
2023-03-05,0.00417076
2023-03-06,-0.00171024
2023-03-07,0.00293686
2023-03-08,0.02367008
2023-03-09,-0.02264601
2023-03-10,-0.00609756
2023-03-11,0.02331288
2023-03-12,0.00167866
2023-03-13,0.01412497
2023-03-14,-0.00637394
2023-03-15,0.01211689
2023-03-16,-0.00281690
2023-03-17,-0.00988701
2023-03-18,-0.00499287
2023-03-19,0.00310633
2023-03-20,0.01095760
2023-03-21,0.01437323
2023-03-22,-0.02137050
2023-03-23,-0.00213624
2023-03-24,-0.00404377
2023-03-25,0.00859804
2023-03-26,0.00284158
2023-03-27,0.00000000
2023-03-28,-0.00047226
2023-03-29,0.01913536
2023-03-30,0.00649050
2023-03-31,0.02441271
2023-04-01,-0.00089928
2023-04-02,-0.00877588
2023-04-03,-0.01157775
2023-04-04,-0.00045935
2023-04-05,0.00712316
2023-04-06,-0.00752909
2023-04-07,-0.01080460
2023-04-08,0.00162677
2023-04-09,0.00116009
2023-04-10,-0.00463499
2023-04-11,0.00558789
2023-04-12,-0.00717759
2023-04-13,0.00093284
2023-04-14,-0.00209692
2023-04-15,0.00793836
2023-04-16,0.00555942
2023-04-17,-0.01566459
2023-04-18,0.01544582
2023-04-19,-0.01221480
2023-04-20,-0.00139991
2023-04-21,0.00677570
2023-04-22,0.01113948
2023-04-23,0.00367225
2023-04-24,-0.00411617
2023-04-25,0.00642939
2023-04-26,0.00501939
2023-04-27,0.00204313
2023-04-28,-0.00113276
2023-04-29,-0.00158766
2023-04-30,0.01453885
2023-05-01,-0.01030004
2023-05-02,-0.00791855
2023-05-03,-0.00342075
2023-05-04,0.00709382
2023-05-05,0.01590548
2023-05-06,0.00693357
2023-05-07,-0.00399822
2023-05-08,0.00892061
2023-05-09,-0.00773652
2023-05-10,-0.00334150
2023-05-11,0.00737595
2023-05-12,-0.00399379
2023-05-13,0.00000000
2023-05-14,-0.00378703
2023-05-15,-0.00514311
2023-05-16,-0.00494493
2023-05-17,-0.01287554
2023-05-18,0.00183066
2023-05-19,0.00433988
2023-05-20,0.00068228
2023-05-21,0.00159091
2023-05-22,0.01316088
2023-05-23,-0.00223964
2023-05-24,-0.00359147
2023-05-25,-0.01216490
2023-05-26,-0.00684151
2023-05-27,0.00597015
2023-05-28,0.00114129
2023-05-29,0.00227998
2023-05-30,0.00090992
2023-05-31,-0.00204545
2023-06-01,-0.01685265
2023-06-02,0.00671763
2023-06-03,-0.00069029
2023-06-04,-0.00874971
2023-06-05,0.00348432
2023-06-06,0.00162037
2023-06-07,-0.00415993
2023-06-08,0.00649803
2023-06-09,-0.00714780
2023-06-10,0.03297724
2023-06-11,0.00517086
2023-06-12,-0.00067099
2023-06-13,0.00067144
2023-06-14,-0.00134198
2023-06-15,-0.01836506
2023-06-16,0.00410678
2023-06-17,0.00454442
2023-06-18,0.00588102
2023-06-19,-0.00427254
2023-06-20,-0.01242096
2023-06-21,0.02835582
2023-06-22,0.01534356
2023-06-23,-0.01511170
2023-06-24,-0.00177896
2023-06-25,0.03252395
2023-06-26,-0.01208198
2023-06-27,0.01419524
2023-06-28,0.00775194
2023-06-29,-0.00149573
2023-06-30,0.00342392
2023-07-01,-0.00853060
2023-07-02,0.00946440
2023-07-03,0.00063925
2023-07-04,-0.00170358
2023-07-05,0.00149317
2023-07-06,-0.00212993
2023-07-07,-0.00213447
2023-07-08,0.00877005
2023-07-09,-0.00636132
2023-07-10,0.00704225
2023-07-11,0.00021191
2023-07-12,-0.00974576
2023-07-13,0.12836970
2023-07-14,-0.00872203
2023-07-15,0.00363428
2023-07-16,-0.00495521
2023-07-17,-0.02662325
2023-07-18,-0.00491932
2023-07-19,0.00039549
2023-07-20,0.00731370
2023-07-21,-0.00274725
2023-07-22,0.00118064
2023-07-23,-0.00019654
2023-07-24,0.00000000
2023-07-25,0.00452133
2023-07-26,0.00508806
2023-07-27,-0.00155763
2023-07-28,0.01287051
2023-07-29,-0.00731613
2023-07-30,-0.00329713
2023-07-31,0.00836739
2023-08-01,0.00347356
2023-08-02,-0.00615385
2023-08-03,0.01199690
2023-08-04,-0.00363289
2023-08-05,0.00498945
2023-08-06,0.00859271
2023-08-07,-0.00586899
2023-08-08,0.01618739
2023-08-09,-0.00862069
2023-08-10,-0.00132325
2023-08-11,-0.00208215
2023-08-12,-0.00550076
2023-08-13,0.00877360
2023-08-14,0.00718472
2023-08-15,0.00619486
2023-08-16,0.00764925
2023-08-17,-0.01129420
2023-08-18,-0.00880150
2023-08-19,0.00547893
2023-08-20,0.01352875
2023-08-21,-0.01167964
2023-08-22,-0.00375164
2023-08-23,0.00621352
2023-08-24,-0.00168413
2023-08-25,0.01030928
2023-08-26,0.00222635
2023-08-27,0.00148093
2023-08-28,0.00887246
2023-08-29,-0.00458043
2023-08-30,-0.01472483
2023-08-31,-0.00485709
2023-09-01,0.00168951
2023-09-02,0.00149925
2023-09-03,0.01029192
2023-09-04,0.00240785
2023-09-05,-0.00997783
2023-09-06,0.01045166
2023-09-07,0.00406354
2023-09-08,0.00735835
2023-09-09,0.00219138
2023-09-10,0.01731050
2023-09-11,-0.00250761
2023-09-12,0.00987610
2023-09-13,-0.00177809
2023-09-14,0.00748130
2023-09-15,0.00282885
2023-09-16,-0.00899154
2023-09-17,0.00711617
2023-09-18,-0.00105988
2023-09-19,0.00229885
2023-09-20,-0.00017643
2023-09-21,-0.00282336
2023-09-22,-0.00831711
2023-09-23,-0.00124911
2023-09-24,-0.00750402
2023-09-25,0.00018002
2023-09-26,-0.00197984
2023-09-27,-0.00396754
2023-09-28,-0.00144849
2023-09-29,-0.00761559
2023-09-30,0.00000000
2023-10-01,0.00036543
2023-10-02,0.00182648
2023-10-03,0.02333637
2023-10-04,0.00463210
2023-10-05,0.00744813
2023-10-06,-0.00105615
2023-10-07,0.00687225
2023-10-08,0.00420021
2023-10-09,0.00243987
2023-10-10,0.00243394
2023-10-11,-0.00728408
2023-10-12,-0.00698812
2023-10-13,-0.00105559
2023-10-14,0.00070447
2023-10-15,0.00580781
2023-10-16,0.00297463
2023-10-17,0.00174459
2023-10-18,0.00052247
2023-10-19,0.02053960
2023-10-20,-0.00187617
2023-10-21,-0.00153794
2023-10-22,-0.00975526
2023-10-23,0.01762876
2023-10-24,-0.01036005
2023-10-25,-0.01218466
2023-10-26,-0.01181376
2023-10-27,0.01177918
2023-10-28,-0.01355343
2023-10-29,-0.00140919
2023-10-30,0.00582113
2023-10-31,0.00333216
2023-11-01,-0.01782905
2023-11-02,0.00605090
2023-11-03,-0.00548381
2023-11-04,-0.00942725
2023-11-05,-0.00179565
2023-11-06,-0.00809498
2023-11-07,0.00525934
2023-11-08,-0.00595345
2023-11-09,-0.00145191
2023-11-10,-0.01254089
2023-11-11,-0.00312903
2023-11-12,-0.00960118
2023-11-13,-0.01342282
2023-11-14,0.00661376
2023-11-15,0.00600713
2023-11-16,-0.00746408
2023-11-17,0.01391239
2023-11-18,0.00834415
2023-11-19,-0.00606841
2023-11-20,0.01702128
2023-11-21,0.00000000
2023-11-22,0.01182463
2023-11-23,0.00179791
2023-11-24,-0.00699928
2023-11-25,-0.01012109
2023-11-26,-0.00091291
2023-11-27,-0.00730994
2023-11-28,0.00441826
2023-11-29,0.00568182
2023-11-30,0.00309823
2023-12-01,-0.00272529
2023-12-02,-0.01767171
2023-12-03,0.00686202
2023-12-04,-0.00939400
2023-12-05,0.00669394
2023-12-06,0.01533062
2023-12-07,-0.04475168
2023-12-08,0.00438012
2023-12-09,0.01175578
2023-12-10,-0.01949025
2023-12-11,-0.00840979
2023-12-12,-0.00269854
2023-12-13,0.00947043
2023-12-14,0.00076584
2023-12-15,0.00325234
2023-12-16,0.00209764
2023-12-17,0.00437678
2023-12-18,0.00416825
2023-12-19,0.01150943
2023-12-20,-0.00373065
2023-12-21,-0.03313986
2023-12-22,-0.01123160
2023-12-23,-0.01762632
2023-12-24,-0.02292663
2023-12-25,-0.00958988
2023-12-26,0.00762258
2023-12-27,0.01840114
2023-12-28,-0.00080305
2023-12-29,-0.00401849
2023-12-30,0.02319952
2023-12-31,-0.01735016
2024-01-01,-0.02728732
2024-01-02,0.01402640
2024-01-03,0.00040683
2024-01-04,-0.00569337
2024-01-05,-0.01554192
2024-01-06,0.01641047
2024-01-07,0.00224811
2024-01-08,-0.00224307
2024-01-09,-0.01144492
2024-01-10,-0.03990076
2024-01-11,-0.02110250
2024-01-12,-0.00571931
2024-01-13,0.01526549
2024-01-14,0.01852255
2024-01-15,0.00684638
2024-01-16,-0.00191245
2024-01-17,0.00319353
2024-01-18,0.01188455
2024-01-19,0.00755034
2024-01-20,0.01144879
2024-01-21,-0.00452768
2024-01-22,0.00330784
2024-01-23,-0.00535751
2024-01-24,-0.00145018
2024-01-25,0.00933610
2024-01-26,-0.00328880
2024-01-27,-0.00515570
2024-01-28,-0.00145108
2024-01-29,0.00477476
2024-01-30,-0.01590909
2024-01-31,0.01553643
2024-02-01,0.00165392
2024-02-02,-0.00804954
2024-02-03,0.00395339
2024-02-04,0.00331606
2024-02-05,0.00144598
2024-02-06,-0.05321782
2024-02-07,-0.00108932
2024-02-08,0.00545256
2024-02-09,-0.00433839
2024-02-10,0.00217865
2024-02-11,-0.00065217
2024-02-12,-0.00174027
2024-02-13,0.00631946
2024-02-14,0.00801213
2024-02-15,0.04940924
2024-02-16,0.01494371
2024-02-17,0.00786608
2024-02-18,0.00100060
2024-02-19,0.01299480
2024-02-20,0.00138149
2024-02-21,0.01064249
2024-02-22,-0.00351014
2024-02-23,0.04716243
2024-02-24,-0.00878340
2024-02-25,0.00339367
2024-02-26,0.01202555
2024-02-27,0.03583364
2024-02-28,0.02330167
2024-02-29,-0.00385356
2024-03-01,0.00896782
2024-03-02,-0.02561868
2024-03-03,-0.00321946
2024-03-04,0.01507267
2024-03-05,-0.03800601
2024-03-06,0.00055127
2024-03-07,0.01101928
2024-03-08,-0.00108992
2024-03-09,0.00090926
2024-03-10,0.01871366
2024-03-11,0.00428036
2024-03-12,0.02894690
2024-03-13,0.03745254
2024-03-14,-0.02828148
2024-03-15,0.00838897
2024-03-16,-0.00033956
2024-03-17,0.02139946
2024-03-18,0.02045228
2024-03-19,-0.06566726
2024-03-20,0.03662365
2024-03-21,-0.01144011
2024-03-22,0.00476515
2024-03-23,0.01134824
2024-03-24,-0.00301457
2024-03-25,0.00856711
2024-03-26,-0.02514990
2024-03-27,-0.01008030
2024-03-28,-0.00017259
2024-03-29,-0.01346453
2024-03-30,0.00822397
2024-03-31,-0.02099965
2024-04-01,0.01170005
2024-04-02,-0.01612055
2024-04-03,0.02297418
2024-04-04,0.01340529
2024-04-05,-0.00017179
2024-04-06,0.00360825
2024-04-07,-0.01831878
2024-04-08,0.01517265
2024-04-09,0.02525339
2024-04-10,0.01239946
2024-04-11,0.02780536
2024-04-12,0.02818035
2024-04-13,0.02004699
2024-04-14,-0.01136189
2024-04-15,-0.00450380
2024-04-16,-0.01279251
2024-04-17,-0.00489886
2024-04-18,0.00254089
2024-04-19,-0.00475210
2024-04-20,-0.01066370
2024-04-21,0.00756113
2024-04-22,0.00766406
2024-04-23,0.07051180
2024-04-24,0.00799290
2024-04-25,-0.00088106
2024-04-26,0.00293945
2024-04-27,-0.01655920
2024-04-28,0.01609298
2024-04-29,0.00513272
2024-04-30,0.00175080
2024-05-01,-0.00888436
2024-05-02,0.01190301
2024-05-03,-0.00609933
2024-05-04,-0.01110462
2024-05-05,-0.00236407
2024-05-06,-0.00992299
2024-05-07,0.00373972
2024-05-08,0.02399404
2024-05-09,0.00785912
2024-05-10,0.02700361
2024-05-11,0.00379640
2024-05-12,-0.00056030
2024-05-13,0.00686755
2024-05-14,0.01183185
2024-05-15,-0.01169349
2024-05-16,-0.00682071
2024-05-17,-0.01850035
2024-05-18,0.00171355
2024-05-19,0.00741269
2024-05-20,-0.04018678
2024-05-21,-0.00766622
2024-05-22,0.00876541
2024-05-23,-0.02061856
2024-05-24,0.01097744
2024-05-25,-0.00684218
2024-05-26,0.00134791
2024-05-27,-0.02034101
2024-05-28,-0.00381679
2024-05-29,0.01226054
2024-05-30,0.00196821
2024-05-31,0.00211544
2024-06-01,0.00165862
2024-06-02,0.02468764
2024-06-03,0.01777582
2024-06-04,0.01371247
2024-06-05,-0.00242062
2024-06-06,0.01827005
2024-06-07,0.00014017
2024-06-08,0.01303434
2024-06-09,0.00650249
2024-06-10,0.01017182
2024-06-11,0.00449041
2024-06-12,-0.00230290
2024-06-13,0.01860149
2024-06-14,0.01066382
2024-06-15,-0.01187022
2024-06-16,0.00613988
2024-06-17,0.02825683
2024-06-18,-0.00541866
2024-06-19,-0.01478791
2024-06-20,0.00487163
2024-06-21,-0.01795073
2024-06-22,0.01014009
2024-06-23,0.00066041
2024-06-24,-0.03511088
2024-06-25,0.00697674
2024-06-26,0.01480777
2024-06-27,-0.00334672
2024-06-28,0.00940228
2024-06-29,0.00691949
2024-06-30,-0.01030792
2024-07-01,0.01829350
2024-07-02,0.00301600
2024-07-03,0.00745195
2024-07-04,0.00012977
2024-07-05,0.02257688
2024-07-06,-0.00989722
2024-07-07,-0.01243112
2024-07-08,0.00038931
2024-07-09,-0.00051887
2024-07-10,-0.01064244
2024-07-11,0.00577201
2024-07-12,0.01043433
2024-07-13,0.02517103
2024-07-14,-0.00642156
2024-07-15,-0.01470029
2024-07-16,-0.01517685
2024-07-17,-0.00470158
2024-07-18,-0.00459257
2024-07-19,-0.01067756
2024-07-20,-0.00972685
2024-07-21,-0.00444026
2024-07-22,-0.00283822
2024-07-23,-0.00176200
2024-07-24,0.01534284
2024-07-25,0.02099492
2024-07-26,-0.01637197
2024-07-27,-0.00133156
2024-07-28,0.01120000
2024-07-29,-0.01054852
2024-07-30,0.01385928
2024-07-31,-0.00065720
2024-08-01,0.00552414
2024-08-02,0.00209287
2024-08-03,0.00248009
2024-08-04,0.00299479
2024-08-05,0.01882383
2024-08-06,-0.00050968
2024-08-07,0.00650178
2024-08-08,-0.03521216
2024-08-09,-0.00039386
2024-08-10,0.00696086
2024-08-11,-0.00273901
2024-08-12,-0.02171070
2024-08-13,0.01457219
2024-08-14,0.00698379
2024-08-15,-0.00117770
2024-08-16,0.01152889
2024-08-17,0.00064758
2024-08-18,0.00103546
2024-08-19,0.01771399
2024-08-20,0.01727862
2024-08-21,-0.01223929
2024-08-22,0.01175876
2024-08-23,-0.02061985
2024-08-24,-0.01250478
2024-08-25,0.00245510
2024-08-26,0.00077340
2024-08-27,-0.00090160
2024-08-28,-0.00876628
2024-08-29,0.01638705
2024-08-30,-0.00742163
2024-08-31,0.00180482
2024-09-01,0.00784970
2024-09-02,-0.01787538
2024-09-03,0.01092044
2024-09-04,-0.00231481
2024-09-05,-0.00502707
2024-09-06,-0.00595932
2024-09-07,-0.00130327
2024-09-08,0.00756884
2024-09-09,-0.00815956
2024-09-10,0.00692087
2024-09-11,0.01011542
2024-09-12,-0.00410836
2024-09-13,-0.00451205
2024-09-14,0.00841751
2024-09-15,0.00911776
2024-09-16,-0.00636294
2024-09-17,-0.00204918
2024-09-18,-0.01167864
2024-09-19,-0.00986885
2024-09-20,-0.01140984
2024-09-21,-0.00490846
2024-09-22,0.00413278
2024-09-23,0.00677111
2024-09-24,-0.01186865
2024-09-25,-0.00814093
2024-09-26,0.00645856
2024-09-27,-0.01537433
2024-09-28,0.00095044
2024-09-29,0.00108519
2024-09-30,-0.00230352
2024-10-01,-0.01724840
2024-10-02,-0.00898286
2024-10-03,0.01366616
2024-10-04,-0.01389462
2024-10-05,0.00474330
2024-10-06,-0.01388503
2024-10-07,-0.00746269
2024-10-08,0.01588878
2024-10-09,0.01005446
2024-10-10,0.01009263
2024-10-11,-0.01136053
2024-10-12,-0.02104389
2024-10-13,-0.00707114
2024-10-14,0.00555476
2024-10-15,0.00509915
2024-10-16,0.00676437
2024-10-17,0.00391937
2024-10-18,-0.00948132
2024-10-19,0.00506757
2024-10-20,-0.00336134
2024-10-21,-0.00463744
2024-10-22,0.00988282
2024-10-23,0.00139801
2024-10-24,0.00544465
2024-10-25,0.02110525
2024-10-26,0.00000000
2024-10-27,-0.00339951
2024-10-28,0.00286533
2024-10-29,-0.01278912
2024-10-30,-0.00192944
2024-10-31,-0.00110467
2024-11-01,0.01161183
2024-11-02,0.00737907
2024-11-03,0.00447640
2024-11-04,0.00715733
2024-11-05,-0.02292840
2024-11-06,-0.03513106
2024-11-07,0.01735173
2024-11-08,0.01789459
2024-11-09,-0.01208625
2024-11-10,0.00486584
2024-11-11,0.00276702
2024-11-12,0.05215232
2024-11-13,-0.03763441
2024-11-14,0.01117318
2024-11-15,0.01670934
2024-11-16,0.03459245
2024-11-17,0.01678196
2024-11-18,0.00919743
2024-11-19,0.03046192
2024-11-20,0.00254422
2024-11-21,-0.02900302
2024-11-22,0.00883634
2024-11-23,0.00074019
2024-11-24,-0.01392998
2024-11-25,-0.03075384
2024-11-26,-0.01431704
2024-11-27,0.00143941
2024-11-28,0.00823207
2024-11-29,-0.00388802
2024-11-30,-0.01092896
2024-12-01,0.00841884
2024-12-02,0.00508740
2024-12-03,0.20220636
2024-12-04,-0.01273885
2024-12-05,-0.01191908
2024-12-06,0.01604692
2024-12-07,-0.00261409
2024-12-08,0.01419679
2024-12-09,-0.02422741
2024-12-10,0.02162878
2024-12-11,-0.00010801
2024-12-12,0.00140434
2024-12-13,-0.00582524
2024-12-14,0.00933160
2024-12-15,-0.00655773
2024-12-16,-0.00173141
2024-12-17,0.01062331
2024-12-18,0.00300333
2024-12-19,0.01229815
2024-12-20,-0.00211282
2024-12-21,0.00412873
2024-12-22,-0.01033210
2024-12-23,-0.02428891
2024-12-24,0.01124577
2024-12-25,0.01770676
2024-12-26,0.01113940
2024-12-27,0.00807890
2024-12-28,-0.00811823
2024-12-29,0.00083945
2024-12-30,-0.00954078
2024-12-31,0.00677464
2025-01-01,0.00021028
2025-01-02,-0.00094607
2025-01-03,-0.01494108
2025-01-04,-0.01858577
2025-01-05,-0.01012190
2025-01-06,0.01803189
2025-01-07,0.00842424
2025-01-08,0.02302667
2025-01-09,-0.00335008
2025-01-10,0.00189076
2025-01-11,0.00597610
2025-01-12,0.00479416
2025-01-13,0.01182450
2025-01-14,-0.00307535
2025-01-15,-0.00503856
2025-01-16,0.02408020
2025-01-17,-0.01241296
2025-01-18,0.01113836
2025-01-19,-0.00565942
2025-01-20,0.00203273
2025-01-21,-0.00334720
2025-01-22,0.02045593
2025-01-23,-0.00079785
2025-01-24,-0.00109791
2025-01-25,0.00639488
2025-01-26,0.01231136
2025-01-27,0.01667321
2025-01-28,0.03183484
2025-01-29,-0.00645101
2025-01-30,-0.01100969
2025-01-31,-0.01189343
2025-02-01,0.02744343
2025-02-02,0.01921275
2025-02-03,-0.00570115
2025-02-04,-0.01285490
2025-02-05,0.00262320
2025-02-06,0.01635208
2025-02-07,-0.00101131
2025-02-08,0.00331309
2025-02-09,-0.00403596
2025-02-10,-0.01961687
2025-02-11,0.01211837
2025-02-12,0.00426954
2025-02-13,-0.01321627
2025-02-14,-0.00908495
2025-02-15,0.00964083
2025-02-16,0.01029770
2025-02-17,-0.00796887
2025-02-18,-0.00392303
2025-02-19,-0.01941110
2025-02-20,-0.02400306
2025-02-21,0.01352146
2025-02-22,0.00599381
2025-02-23,0.00096098
2025-02-24,0.02361751
2025-02-25,-0.01697618
2025-02-26,-0.02394810
2025-02-27,-0.00420332
2025-02-28,-0.00863846
2025-03-01,0.02841866
2025-03-02,0.00105912
2025-03-03,0.04453208
2025-03-04,0.01860037
2025-03-05,-0.00108479
2025-03-06,0.01004525
2025-03-07,-0.00349431
2025-03-08,0.00269736
2025-03-09,0.00860832
2025-03-10,0.00684566
2025-03-11,-0.01130243
2025-03-12,-0.01277128
2025-03-13,0.01492672
2025-03-14,-0.00998306
2025-03-15,0.02439903
2025-03-16,0.01863245
2025-03-17,-0.01268335
2025-03-18,0.01686621
2025-03-19,-0.02363355
2025-03-20,0.00924214
2025-03-21,0.00741322
2025-03-22,-0.00432863
2025-03-23,-0.01182506
2025-03-24,-0.00527937
2025-03-25,-0.00504202
2025-03-26,-0.00106686
2025-03-27,-0.00845497
2025-03-28,0.00502648
2025-03-29,0.00580513
2025-03-30,0.00648197
2025-03-31,0.01049846
2025-04-01,-0.01318317
2025-04-02,0.00698929
2025-04-03,-0.00096644
2025-04-04,-0.01486237
2025-04-05,0.00258882
2025-04-06,0.01504764
2025-04-07,0.00438596
2025-04-08,0.00803493
2025-04-09,-0.00883729
2025-04-10,0.00839161
2025-04-11,-0.00182039
2025-04-12,-0.01224490
2025-04-13,-0.04395991
2025-04-14,0.01692110
2025-04-15,0.00904323
2025-04-16,0.00806596
2025-04-17,-0.00080014
2025-04-18,-0.00880861
2025-04-19,-0.01382406
2025-04-20,-0.00091025
2025-04-21,0.01384840
2025-04-22,-0.00395399
2025-04-23,-0.04077950
2025-04-24,-0.01382619
2025-04-25,0.00238436
2025-04-26,-0.00085633
2025-04-27,0.00428531
2025-04-28,0.01517163
2025-04-29,0.00364282
2025-04-30,0.00074453
2025-05-01,-0.00427788
2025-05-02,0.01643784
2025-05-03,0.00578884
2025-05-04,-0.00127901
2025-05-05,-0.00603732
2025-05-06,0.01371250
2025-05-07,0.00508398
2025-05-08,-0.06106043
2025-05-09,-0.00442520
2025-05-10,-0.02840854
2025-05-11,0.01113874
2025-05-12,0.01111439
2025-05-13,-0.01760700
2025-05-14,0.01257550
2025-05-15,0.00929004
2025-05-16,0.00658851
2025-05-17,0.00539032
2025-05-18,-0.01838200
2025-05-19,0.00263338
2025-05-20,0.00223735
2025-05-21,0.01873241
2025-05-22,-0.00819360
2025-05-23,0.00778098
2025-05-24,0.00142980
2025-05-25,0.00599657
2025-05-26,-0.00624468
2025-05-27,-0.02246977
2025-05-28,-0.01032434
2025-05-29,0.00295247
2025-05-30,0.01520950
2025-05-31,0.00560603
2025-06-01,0.00499808
2025-06-02,-0.00411247
2025-06-03,-0.00787477
2025-06-04,0.00145194
2025-06-05,0.02281075
2025-06-06,-0.00548101
2025-06-07,-0.00446598
2025-06-08,0.00725398
2025-06-09,-0.00739126
2025-06-10,-0.02252983
2025-06-11,0.00195332
2025-06-12,0.00789551
2025-06-13,0.01247582
2025-06-14,0.00277008
2025-06-15,0.00485807
2025-06-16,0.01450374
2025-06-17,0.00934405
2025-06-18,-0.00712831
2025-06-19,0.00951049
2025-06-20,0.00969798
2025-06-21,0.01317234
2025-06-22,0.00415312
2025-06-23,-0.02904154
2025-06-24,-0.00990832
2025-06-25,0.02076319
2025-06-26,0.00357339
2025-06-27,-0.00511275
2025-06-28,-0.00660732
2025-06-29,-0.02078522
2025-06-30,0.02801887
2025-07-01,0.00468019
2025-07-02,-0.01278772
2025-07-03,-0.00083272
2025-07-04,0.01676081
2025-07-05,-0.00218579
2025-07-06,0.00401606
2025-07-07,0.00154545
2025-07-08,-0.00226922
2025-07-09,-0.00263828
2025-07-10,-0.01477698
2025-07-11,0.02064624
2025-07-12,0.00507983
2025-07-13,0.00117329
2025-07-14,-0.00072118
2025-07-15,-0.02643212
2025-07-16,0.00704225
2025-07-17,0.00524476
2025-07-18,-0.01693364
2025-07-19,-0.01229050
2025-07-20,-0.00914404
2025-07-21,0.00732566
2025-07-22,0.01152248
2025-07-23,0.02007470
2025-07-24,0.00155606
2025-07-25,-0.01635898
2025-07-26,0.00092911
2025-07-27,0.01280980
2025-07-28,0.01897168
2025-07-29,0.01214247
2025-07-30,0.00488759
2025-07-31,0.00946233
2025-08-01,-0.00832238
2025-08-02,-0.00256184
2025-08-03,0.00575680
2025-08-04,-0.01532230
2025-08-05,0.00134144
2025-08-06,-0.00089310
2025-08-07,-0.01546438
2025-08-08,-0.01071364
2025-08-09,-0.01193098
2025-08-10,0.00808100
2025-08-11,0.02275868
2025-08-12,-0.01261261
2025-08-13,-0.00866788
2025-08-14,0.01665900
2025-08-15,-0.00009053
2025-08-16,-0.00552286
2025-08-17,0.01174436
2025-08-18,0.01655719
2025-08-19,-0.01124192
2025-08-20,-0.00223814
2025-08-21,-0.00026918
2025-08-22,-0.01112906
2025-08-23,-0.01243420
2025-08-24,0.01819686
2025-08-25,0.01408069
2025-08-26,0.00818870
2025-08-27,-0.00609164
2025-08-28,-0.00897140
2025-08-29,-0.00322667
2025-08-30,0.00683392
2025-08-31,0.00803787
2025-09-01,0.00753079
2025-09-02,0.00545199
2025-09-03,-0.00612209
2025-09-04,0.01099965
2025-09-05,-0.00583167
2025-09-06,-0.01006829
2025-09-07,0.00132661
2025-09-08,-0.04592828
2025-09-09,0.00166636
2025-09-10,0.00231054
2025-09-11,-0.00571692
2025-09-12,-0.00918112
2025-09-13,0.00000000
2025-09-14,0.02105953
2025-09-15,0.01402512
2025-09-16,0.01129995
2025-09-17,-0.01778850
2025-09-18,-0.01346924
2025-09-19,0.01254613
2025-09-20,0.01038630
2025-09-21,0.00369702
2025-09-22,0.00323421
2025-09-23,0.00277604
2025-09-24,0.00509019
2025-09-25,-0.00595291
2025-09-26,-0.00607794
2025-09-27,0.00233813
2025-09-28,0.00475507
2025-09-29,0.02151978
2025-09-30,-0.00332168
2025-10-01,0.01578670
2025-10-02,0.00310827
2025-10-03,0.01007058
2025-10-04,0.00255646
2025-10-05,-0.00050999
2025-10-06,-0.00017008
2025-10-07,0.01998809
2025-10-08,-0.00191795
2025-10-09,0.00526360
2025-10-10,0.02792553
2025-10-11,0.00113195
2025-10-12,0.00783395
2025-10-13,-0.01081817
2025-10-14,-0.00550875
2025-10-15,-0.00162920
2025-10-16,-0.00073433
2025-10-17,-0.01788193
2025-10-18,0.00590289
2025-10-19,0.00388462
2025-10-20,0.01037379
2025-10-21,-0.00871904
2025-10-22,0.00739827
2025-10-23,-0.00342717
2025-10-24,-0.00319332
2025-10-25,0.01232134
2025-10-26,-0.00357027
2025-10-27,0.00464169
2025-10-28,0.01094269
2025-10-29,-0.01387107
2025-10-30,0.01170827
2025-10-31,0.00064293
2025-11-01,-0.01614328
2025-11-02,-0.00032653
2025-11-03,0.01486200
2025-11-04,-0.02019633
2025-11-05,0.00082122
2025-11-06,-0.00221548
2025-11-07,-0.04136513
2025-11-08,0.00257356
2025-11-09,0.02181912
2025-11-10,-0.00837381
2025-11-11,0.00844452
2025-11-12,0.01205828
2025-11-13,-0.00082740
2025-11-14,-0.01101358
2025-11-15,0.01373189
2025-11-16,-0.00074337
2025-11-17,0.00661266
2025-11-18,-0.00558384
2025-11-19,-0.02782824
2025-11-20,-0.01511934
2025-11-21,0.01949116
2025-11-22,0.01184333
2025-11-23,0.02148650
2025-11-24,-0.00180062
2025-11-25,-0.01131519
2025-11-26,0.02919224
2025-11-27,0.00330379
2025-11-28,0.00891495
2025-11-29,0.00127368
2025-11-30,0.01478772
2025-12-01,-0.01300533
2025-12-02,0.00825528
2025-12-03,0.00456621
2025-12-04,-0.00532915
2025-12-05,0.01386700
2025-12-06,-0.00575070
2025-12-07,0.00211036
2025-12-08,-0.01591140
2025-12-09,-0.00538955
2025-12-10,0.02119691
2025-12-11,0.00444791
2025-12-12,0.00046613
2025-12-13,-0.00799814
2025-12-14,0.00352250
2025-12-15,-0.00241810
2025-12-16,0.01876613
2025-12-17,0.00222580
2025-12-18,0.01240619
2025-12-19,-0.00068079
2025-12-20,0.00809931
2025-12-21,0.01186364
2025-12-22,-0.00133571
2025-12-23,-0.00616734
2025-12-24,-0.00822430
2025-12-25,0.00248775
2025-12-26,-0.01165589
2025-12-27,0.00136955
2025-12-28,0.00691437
2025-12-29,-0.00762149
2025-12-30,0.00882062
2025-12-31,0.00361800
2026-01-01,-0.04340969
2026-01-02,-0.00282641
2026-01-03,0.01700653
2026-01-04,-0.01122552
2026-01-05,0.01518948
2026-01-06,-0.00061700
2026-01-07,0.00686834
2026-01-08,0.00712808
2026-01-09,0.00220700
2026-01-10,0.01936366
2026-01-11,0.01832539
2026-01-12,0.01623994
2026-01-13,-0.00568673
2026-01-14,0.00738435
2026-01-15,0.00639598
2026-01-16,-0.01485290
2026-01-17,0.00761090
2026-01-18,0.00460399
2026-01-19,0.00644468
2026-01-20,-0.02283885
2026-01-21,0.00648027
2026-01-22,0.00774072
2026-01-23,-0.00107681
2026-01-24,-0.00488681
2026-01-25,-0.00389976
2026-01-26,0.00239252
2026-01-27,0.01424852
2026-01-28,-0.01882621
2026-01-29,-0.00581438
2026-01-30,-0.00138899
2026-01-31,-0.01654466
2026-02-01,-0.01674855
2026-02-02,0.01196154
2026-02-03,-0.00336650
2026-02-04,-0.01929140
2026-02-05,-0.04546498
2026-02-06,0.05308315
2026-02-07,0.00236047
2026-02-08,0.01147068
2026-02-09,-0.00060083
2026-02-10,0.00480950
2026-02-11,0.00299155
2026-02-12,-0.00820222
2026-02-13,0.01375836
2026-02-14,-0.01920795
2026-02-15,-0.00567108
2026-02-16,0.00136882
2026-02-17,-0.00804982
2026-02-18,0.00405757
2026-02-19,0.00175372
2026-02-20,0.00175065
2026-02-21,-0.00151964
2026-02-22,0.01217563
2026-02-23,-0.02714082
2026-02-24,-0.00285935
2026-02-25,-0.01596528
2026-02-26,0.00181145
2026-02-27,-0.00754717
2026-02-28,-0.00736692
2026-03-01,-0.00853882
2026-03-02,-0.01255634
2026-03-03,-0.00472775
2026-03-04,0.02800983
2026-03-05,0.00326641
2026-03-06,-0.00031764
2026-03-07,0.00691080
2026-03-08,-0.00260334
2026-03-09,-0.00110733
2026-03-10,0.01266925
2026-03-11,0.00805380
2026-03-12,-0.00698107
2026-03-13,-0.01515388
2026-03-14,0.00000000
2026-03-15,-0.00063452
2026-03-16,-0.02261905
2026-03-17,0.01510353
2026-03-18,-0.00167987
2026-03-19,-0.00040064
2026-03-20,0.01827655
2026-03-21,-0.00566795
2026-03-22,0.00688782
2026-03-23,-0.00982859
2026-03-24,-0.01429366
2026-03-25,0.00821719
2026-03-26,-0.00327607
2026-03-27,0.01026134
2026-03-28,0.01499762
2026-03-29,-0.00445626
2026-03-30,0.00400503
2026-03-31,0.00398905
2026-04-01,0.01215332
2026-04-02,-0.00292488
2026-04-03,0.00517215
2026-04-04,0.00092159
2026-04-05,0.00989795
2026-04-06,-0.00828142
2026-04-07,-0.02206389
2026-04-08,-0.00117509
2026-04-09,0.00705882
2026-04-10,0.00864486
2026-04-11,0.00038607
2026-04-12,0.00478543
2026-04-13,-0.01098479
2026-04-14,0.01172816
2026-04-15,-0.00322432
2026-04-16,-0.02364449
2026-04-17,0.00946596
2026-04-18,0.01578495
